1.811242330463400940e-01,-7.748787363445261978e-01,-2.672394733110047271e-01,-4.524500026172831313e-01,-3.397014718005544331e-01,-3.638928596747561528e-01,-3.934412808392100946e-01,-4.336905745677311352e-01,-4.778259547067368884e-01,-4.890571198633451022e-01,-4.778259396684813032e-01,-4.336905901356578052e-01,-3.934412835369330841e-01,-3.638928675801513246e-01,-3.397014662579362354e-01,-4.524500005200240982e-01,-2.672394647688717262e-01,-7.748787527784453122e-01,1.811242508963461784e-01
1.859358966995471041e-01,-7.762127694332858763e-01,-2.639838411096892545e-01,-4.524099572059495089e-01,-3.379097161490992596e-01,-3.625415806358751047e-01,-3.919506843149298536e-01,-4.321806110249235555e-01,-4.765132939737252160e-01,-4.876671784989055070e-01,-4.765132799729185353e-01,-4.321806263487694144e-01,-3.919506853671103075e-01,-3.625415887401776116e-01,-3.379097102157532784e-01,-4.524099570224923705e-01,-2.639838323687243027e-01,-7.762127841653159166e-01,1.859359130346299183e-01
1.907377537583917482e-01,-7.775467418800723340e-01,-2.607167201687023983e-01,-4.523814397665104070e-01,-3.361144201807091947e-01,-3.611946125598728963e-01,-3.904614373399327709e-01,-4.306713660273262523e-01,-4.752033842054636525e-01,-4.862777577352340175e-01,-4.752033719035559378e-01,-4.306713807550579531e-01,-3.904614357331260832e-01,-3.611946210071647068e-01,-3.361144136399694671e-01,-4.523814421280238918e-01,-2.607167113447684814e-01,-7.775467538443741056e-01,1.907377674125111389e-01
1.955294138103881862e-01,-7.788804700405171921e-01,-2.574383783214896360e-01,-4.523643833632323696e-01,-3.343156617282087573e-01,-3.598520059399051285e-01,-3.889735803524567159e-01,-4.291628875733893289e-01,-4.738962869708254200e-01,-4.848889018738185563e-01,-4.738962773765723058e-01,-4.291629009303126185e-01,-3.889735753809160368e-01,-3.598520144515063302e-01,-3.343156548941155215e-01,-4.523643885013683974e-01,-2.574383699953233795e-01,-7.788804778243504368e-01,1.955294231848078157e-01
2.003104894701946692e-01,-7.802137702644940109e-01,-2.541490885530349741e-01,-4.523587166918408009e-01,-3.325135219656061292e-01,-3.585138104107306045e-01,-3.874871544958816139e-01,-4.276552253470752851e-01,-4.725920612990675562e-01,-4.835006592505179390e-01,-4.725920545426751107e-01,-4.276552384343214053e-01,-3.874871453861674642e-01,-3.585138188788100644e-01,-3.325135160102977716e-01,-4.523587250262075532e-01,-2.541490810070398121e-01,-7.802137728039413300e-01,2.003104936309302586e-01
2.050805962852668973e-01,-7.815464582438228502e-01,-2.508491252116308301e-01,-4.523643677201452107e-01,-3.307080823409979109e-01,-3.571800824586903733e-01,-3.860021970493854315e-01,-4.261484271780848765e-01,-4.712907756394168479e-01,-4.821130666479657156e-01,-4.712907752088592583e-01,-4.261484314036000920e-01,-3.860021958377208851e-01,-3.571800813284077281e-01,-3.307080863051157782e-01,-4.523643699695544806e-01,-2.508491250822529328e-01,-7.815464560326257359e-01,2.050805951428983642e-01
2.098393536657832403e-01,-7.828783514034466373e-01,-2.475387749701987161e-01,-4.523812514288149678e-01,-3.288994356186404344e-01,-3.558508661146296270e-01,-3.845187547633047709e-01,-4.246425421811927947e-01,-4.699924896402764007e-01,-4.807261761236845676e-01,-4.699924915133441017e-01,-4.246425398348907532e-01,-3.845187659068116659e-01,-3.558508556966862857e-01,-3.288994490971088314e-01,-4.523812452059412514e-01,-2.475387805027853272e-01,-7.828783506737532205e-01,2.098393540337752383e-01
2.145863868855027445e-01,-7.842092695483806608e-01,-2.442183246521046625e-01,-4.524092838296907559e-01,-3.270876722494149291e-01,-3.545262066440473259e-01,-3.830368776116036544e-01,-4.231376216994011674e-01,-4.686972641972074194e-01,-4.793400339875116267e-01,-4.686972650933049489e-01,-4.231376176747287388e-01,-3.830368968203983204e-01,-3.545261919780433590e-01,-3.270876901344094700e-01,-4.524092728907025407e-01,-2.442183317124240194e-01,-7.842092726457284835e-01,2.145863915848491565e-01
2.193213241863722351e-01,-7.855390318533415073e-01,-2.408880630315520244e-01,-4.524483800819509849e-01,-3.252728833232456096e-01,-3.532061532191189679e-01,-3.815566120741857303e-01,-4.216337186528993919e-01,-4.674051607943993103e-01,-4.779546857893912093e-01,-4.674051601262599887e-01,-4.216337152226786733e-01,-3.815566346618463056e-01,-3.532061376170761990e-01,-3.252729022728998443e-01,-4.524483677879611587e-01,-2.408880695971896135e-01,-7.855390378628555048e-01,2.193213323439119067e-01
2.240437971417552077e-01,-7.868674575995882048e-01,-2.375482836443787438e-01,-4.524984507990794658e-01,-3.234551636916784267e-01,-3.518907552707131736e-01,-3.800780040942260962e-01,-4.201308861263243211e-01,-4.661162413751333000e-01,-4.765701781396216585e-01,-4.661162394706401257e-01,-4.201308837961072462e-01,-3.800780275363534466e-01,-3.518907400544338815e-01,-3.234551823787018554e-01,-4.524984386930900881e-01,-2.375482892216315700e-01,-7.868674652790540458e-01,2.240438074057930495e-01
2.287534451684256620e-01,-7.881943707128568066e-01,-2.341992854690716219e-01,-4.525593998585266675e-01,-3.216346133430615373e-01,-3.505800560384693121e-01,-3.786011108767004529e-01,-4.186291718957801944e-01,-4.648305791873347803e-01,-4.751865441282272506e-01,-4.648305777653461979e-01,-4.186291719416601609e-01,-3.786011203922787782e-01,-3.505800492082966624e-01,-3.216346208827116637e-01,-4.525593967894691039e-01,-2.341992860913720276e-01,-7.881943745834326664e-01,2.287534507564643327e-01
2.334499012627618275e-01,-7.895195854039716021e-01,-2.308413685936840098e-01,-4.526311344456829255e-01,-3.198113298321514364e-01,-3.492741134621685228e-01,-3.771259615668139387e-01,-4.171286415743000187e-01,-4.635482136663369168e-01,-4.738038597971830357e-01,-4.635482121486464990e-01,-4.171286420468102163e-01,-3.771259703662366292e-01,-3.492741071409071751e-01,-3.198113369438296827e-01,-4.526311320377575109e-01,-2.308413688006348274e-01,-7.895195891233772745e-01,2.334499067742573375e-01
2.381328094061141154e-01,-7.908429238670183770e-01,-2.274748398613525013e-01,-4.527135523255954586e-01,-3.179854180798400431e-01,-3.479729737942491852e-01,-3.756526059442095167e-01,-4.156293505984996473e-01,-4.622692050006609321e-01,-4.724221759144746624e-01,-4.622692012536916972e-01,-4.156293509330448721e-01,-3.756526269842244692e-01,-3.479729614284797212e-01,-3.179854343861814314e-01,-4.527135426419447439e-01,-2.274748430603828475e-01,-7.908429326317715224e-01,2.381328214507081042e-01
2.428018269173909949e-01,-7.921642177770177318e-01,-2.241000094795996822e-01,-4.528065450986639706e-01,-3.161569870244623770e-01,-3.466766735826551371e-01,-3.741811148388560215e-01,-4.141313427057538576e-01,-4.609936386205673586e-01,-4.710415103599656650e-01,-4.609936345975728655e-01,-4.141313436009260718e-01,-3.741811345462957017e-01,-3.466766622495612848e-01,-3.161570024807791035e-01,-4.528065361356082841e-01,-2.241000122169001241e-01,-7.921642263106062343e-01,2.428018388114481785e-01
2.474566038981950988e-01,-7.934832886021256915e-01,-2.207171897537952288e-01,-4.529100065786791363e-01,-3.143261444197839038e-01,-3.453852633832892316e-01,-3.727115303101899424e-01,-4.126346802495989841e-01,-4.597215638248742797e-01,-4.696619276587800651e-01,-4.597215596164511697e-01,-4.126346815564532200e-01,-3.727115486268610667e-01,-3.453852530669017096e-01,-3.143261590473718226e-01,-4.529099982004864966e-01,-2.207171921758221411e-01,-7.934832967726354047e-01,2.474566154511944893e-01
2.520967992138203329e-01,-7.947999630942423899e-01,-2.173266967939824212e-01,-4.530238252988815217e-01,-3.124930018577343760e-01,-3.440987882077032323e-01,-3.712439052339001067e-01,-4.111394203651649870e-01,-4.584530414785122909e-01,-4.682834776294838020e-01,-4.584530371539160543e-01,-4.111394219371408143e-01,-3.712439221796162148e-01,-3.440987788744149789e-01,-3.124930156971231776e-01,-4.530238173467706075e-01,-2.173266990391897191e-01,-7.947999708167694521e-01,2.520968102892469087e-01
2.567220767065377940e-01,-7.961140695772690457e-01,-2.139288498182145837e-01,-4.531478865654948729e-01,-3.106576733505520549e-01,-3.428172924336353455e-01,-3.697782933732368105e-01,-4.096456208601919058e-01,-4.571881321711430690e-01,-4.669062105182492095e-01,-4.571881277839540680e-01,-4.096456225438160903e-01,-3.697783090485418644e-01,-3.428172840296143109e-01,-3.106576864724279741e-01,-4.531478788506054789e-01,-2.139288520282734973e-01,-7.961140767978249766e-01,2.567220872061228287e-01
2.613321053211429823e-01,-7.974254380525138686e-01,-2.105239709955480654e-01,-4.532820725423257757e-01,-3.088202752611561852e-01,-3.415408197777384802e-01,-3.683147493526039429e-01,-4.081533401858160048e-01,-4.559268962037388295e-01,-4.655301769710694648e-01,-4.559268917942407850e-01,-4.081533418089089427e-01,-3.683147639468136170e-01,-3.415408122260229495e-01,-3.088202877817057823e-01,-4.532820648315740164e-01,-2.105239733291858761e-01,-7.974254447300137549e-01,2.613321151682034826e-01
2.659265592333168171e-01,-7.987339003079930722e-01,-2.071123852804663545e-01,-4.534262623439473394e-01,-3.069809262236677938e-01,-3.402694132690831652e-01,-3.668533286277656513e-01,-4.066626374088156970e-01,-4.546693935779190232e-01,-4.641554279990952603e-01,-4.546693891769491569e-01,-4.066626387565219214e-01,-3.668533424414347488e-01,-3.402694064628121184e-01,-3.069809383356202348e-01,-4.534262543316999183e-01,-2.071123879379143384e-01,-7.987339063826319752e-01,2.659265683430087623e-01
2.705051179916819759e-01,-8.000392900425210563e-01,-2.036944202313998031e-01,-4.535803321476268857e-01,-3.051397470454577099e-01,-3.390031152251422597e-01,-3.653940874469595035e-01,-4.051735721876137952e-01,-4.534156839950393425e-01,-4.627820149291573815e-01,-4.534156796349926299e-01,-4.051735729399211783e-01,-3.653941009549645513e-01,-3.390031090101174316e-01,-3.051397590923148329e-01,-4.535803233837138460e-01,-2.036944235122084002e-01,-8.000392953594124279e-01,2.705051261962009845e-01
2.750674667321644229e-01,-8.013414430631693453e-01,-2.002704057788896597e-01,-4.537441553605168765e-01,-3.032968605427956432e-01,-3.377419672286061658e-01,-3.639370827935723418e-01,-4.036862047502622342e-01,-4.521658269229190674e-01,-4.614099892585411533e-01,-4.521658226869780806e-01,-4.036862042797096928e-01,-3.639370968421867247e-01,-3.377419613530805442e-01,-3.032968732380182386e-01,-4.537441450393708831e-01,-2.002704102552169685e-01,-8.013414471245152715e-01,2.750674735291213091e-01
2.796132968651353634e-01,-8.026401979509565354e-01,-1.968406737087313174e-01,-4.539176030797673067e-01,-3.014523910159176978e-01,-3.364860100845247226e-01,-3.624823723247150298e-01,-4.022005957709814394e-01,-4.509198822191929357e-01,-4.600394017580066164e-01,-4.509198785417374289e-01,-4.022005921829626685e-01,-3.624823889711152880e-01,-3.364860039871943043e-01,-3.014524063413497323e-01,-4.539175891475075164e-01,-1.968406809973261284e-01,-8.026401987574766084e-01,2.796133002013782010e-01
2.841423058103900723e-01,-8.039353951468790616e-01,-1.934055607641997909e-01,-4.541005368295423228e-01,-2.996064709783653468e-01,-3.352352798751633278e-01,-3.610300318060433167e-01,-4.007167879501435381e-01,-4.496779292723901422e-01,-4.586702792255503147e-01,-4.496779302501691111e-01,-4.007167827039447849e-01,-3.610300404817738951e-01,-3.352352749386470210e-01,-2.996064764029738869e-01,-4.541005274702909489e-01,-1.934055674586943052e-01,-8.039353977158176789e-01,2.841423082752778662e-01
2.886541773924943821e-01,-8.052268601895264943e-01,-1.899654078767544774e-01,-4.542928260339005320e-01,-2.977592285564361063e-01,-3.339898249727089041e-01,-3.595800803584158212e-01,-3.992348910968310793e-01,-4.484399586018856798e-01,-4.573027586245249632e-01,-4.484399534304840396e-01,-3.992348991467333796e-01,-3.595800801284478321e-01,-3.339898236507430340e-01,-2.977592258885493059e-01,-4.542928273051279886e-01,-1.899654040286489209e-01,-8.052268756089813184e-01,2.886541945442557267e-01
2.931486473314495189e-01,-8.065144642290729138e-01,-1.865205401276477104e-01,-4.544943410184005272e-01,-2.959107829333496031e-01,-3.327496774326399454e-01,-3.581326063368688861e-01,-3.977549276718095883e-01,-4.472060951779967541e-01,-4.559368077232095473e-01,-4.472060897668357904e-01,-3.977549325904574662e-01,-3.581326105543529703e-01,-3.327496752418501735e-01,-2.959107843571689989e-01,-4.544943372991399055e-01,-1.865205396005095717e-01,-8.065144770840722011e-01,2.931486621309122853e-01
2.976254164952065739e-01,-8.077980413254652881e-01,-1.830713054035413012e-01,-4.547049340850675136e-01,-2.940612758596364840e-01,-3.315148751642754688e-01,-3.566876673104695805e-01,-3.962769682829177520e-01,-4.459763762139122290e-01,-4.545725051657507620e-01,-4.459763707631009821e-01,-3.962769716368608197e-01,-3.566876731958953384e-01,-3.315148726674008728e-01,-2.940612785522022099e-01,-4.547049282123163394e-01,-1.830713063707025690e-01,-8.077980532845667749e-01,2.976254304123659433e-01
3.020842049856240497e-01,-8.090774411316457027e-01,-1.796180443759131107e-01,-4.549244642061739397e-01,-2.922108405698569111e-01,-3.302854551962568497e-01,-3.552453229913236088e-01,-3.948010770201072495e-01,-4.447508573710967084e-01,-4.532099054462762067e-01,-4.447508519511562119e-01,-3.948010793224838166e-01,-3.552453297166873192e-01,-3.302854524731164698e-01,-2.922108437540545944e-01,-4.549244571555542960e-01,-1.796180462199185590e-01,-8.090774526477091388e-01,3.020842184544101361e-01
3.065247387612389240e-01,-8.103525155456013929e-01,-1.761610993525481450e-01,-4.551527874944724106e-01,-2.903596124993197414e-01,-3.290614533757817983e-01,-3.538056347324559092e-01,-3.933273173683135560e-01,-4.435295946087950969e-01,-4.518490622396378886e-01,-4.435295892912060611e-01,-3.933273188791276409e-01,-3.538056418859349961e-01,-3.290614503979140681e-01,-2.903596158715193165e-01,-4.551527798404801928e-01,-1.761611017322179396e-01,-8.103525267290717649e-01,3.065247519058044157e-01
3.109467498783479167e-01,-8.116231189843965410e-01,-1.727008137716647684e-01,-4.553897578802541535e-01,-2.885077286757341541e-01,-3.278429046071242858e-01,-3.523686645634593329e-01,-3.918557529789101213e-01,-4.423126434087272241e-01,-4.504900293078497597e-01,-4.423126382657983635e-01,-3.918557538840707899e-01,-3.523686718581436339e-01,-3.278429013160382155e-01,-2.885077320955313773e-01,-4.553897500664807474e-01,-1.727008164352848985e-01,-8.116231298211828982e-01,3.109467627072610152e-01
3.153499766214010736e-01,-8.128891085152774032e-01,-1.692375319524913879e-01,-4.556352273220164451e-01,-2.866553275283990621e-01,-3.266298428682863353e-01,-3.509344750207821217e-01,-3.903864477411566059e-01,-4.411000586847098059e-01,-4.491328605555598430e-01,-4.411000537838611346e-01,-3.903864482020333315e-01,-3.509344822183728674e-01,-3.266298392032492837e-01,-2.866553309252501958e-01,-4.556352197247715008e-01,-1.692375346894255672e-01,-8.128891189425129227e-01,3.153499890951804163e-01
3.197341635932731130e-01,-8.141503439439701229e-01,-1.657715988915102745e-01,-4.558890459438751375e-01,-2.848025487663137234e-01,-3.254223012009005433e-01,-3.495031290820365677e-01,-3.889194657672784827e-01,-4.398918947551835879e-01,-4.477776100084707167e-01,-4.398918901546821636e-01,-3.889194659329369141e-01,-3.495031359737066912e-01,-3.254222971103956086e-01,-2.848025521048702102e-01,-4.558890388835309393e-01,-1.657716015208988702e-01,-8.141503538846106558e-01,3.197341756548459091e-01
3.240990617417571773e-01,-8.154066879263830447e-01,-1.623033603024757188e-01,-4.561510617730761830e-01,-2.829495337575591574e-01,-3.242203114429131339e-01,-3.480746910275839823e-01,-3.874548698766561716e-01,-4.386882066470751407e-01,-4.464243306772656128e-01,-4.386882018398437499e-01,-3.874548697647822726e-01,-3.480746983054252008e-01,-3.242203063445678879e-01,-2.829495371682373417e-01,-4.561510546588296022e-01,-1.623033630060558286e-01,-8.154066986692283248e-01,3.240990749488549261e-01
3.284444288031356241e-01,-8.166580060709036637e-01,-1.588331615556193288e-01,-4.564211222432685289e-01,-2.810964235668177436e-01,-3.230239051060755373e-01,-3.466492231508743194e-01,-3.859927270768948038e-01,-4.374890452916446737e-01,-4.450730783445022709e-01,-4.374890408694223076e-01,-3.859927268527641453e-01,-3.466492298196106048e-01,-3.230238993973771899e-01,-2.810964268521298770e-01,-4.564211161585421950e-01,-1.588331638862175155e-01,-8.166580162458689784e-01,3.284444415625019653e-01
3.327700285699829452e-01,-8.179041667088118306e-01,-1.553613487322529352e-01,-4.566990724022249037e-01,-2.792433615571534578e-01,-3.218331121690810037e-01,-3.452267901318752941e-01,-3.845331007838933557e-01,-4.362944640316440692e-01,-4.437239065662763604e-01,-4.362944600248027105e-01,-3.845331005333860741e-01,-3.452267960675097225e-01,-3.218331058165799785e-01,-2.792433646857166996e-01,-4.566990675198497884e-01,-1.553613505885590163e-01,-8.179041762791869896e-01,3.327700408451421676e-01
3.370756315953079563e-01,-8.191450412732577124e-01,-1.518882676384862573e-01,-4.569847562169235267e-01,-2.773904915280401284e-01,-3.206479617703493767e-01,-3.438074563049887677e-01,-3.830760556701796604e-01,-4.351045145983295503e-01,-4.423768695369816317e-01,-4.351045110388485071e-01,-3.830760554615038060e-01,-3.438074614073117763e-01,-3.206479547568502619e-01,-2.773904944730848920e-01,-4.569847526758966660e-01,-1.518882689369365768e-01,-8.191450502017685320e-01,3.370756433400660668e-01
3.413610150215397043e-01,-8.203805042126099956e-01,-1.484142638023978056e-01,-4.572780164359604438e-01,-2.755379580370252990e-01,-3.194684820510601542e-01,-3.423912861886990178e-01,-3.816216565306538855e-01,-4.339192479357605325e-01,-4.410320215185381532e-01,-4.339192448627020582e-01,-3.816216564308184678e-01,-3.423912903680601527e-01,-3.194684743943559946e-01,-2.755379607897825434e-01,-4.572780143506582906e-01,-1.484142644677223788e-01,-8.203805124437587581e-01,3.413610261611529362e-01
3.456259626352061742e-01,-8.216104330529752087e-01,-1.449396822971917853e-01,-4.575786946840711966e-01,-2.736859063218031740e-01,-3.182947001370362572e-01,-3.409783444983027212e-01,-3.801699681685753451e-01,-4.327387142566141986e-01,-4.396894167406426579e-01,-4.327387117031199493e-01,-3.801699682386455725e-01,-3.409783476963351156e-01,-3.182946918814903436e-01,-2.736859088987397270e-01,-4.575786941167876987e-01,-1.449396822747047175e-01,-8.216104405421815748e-01,3.456259731017583547e-01
3.498702649443615753e-01,-8.228347084808762535e-01,-1.414648675690866608e-01,-4.578866315415444088e-01,-2.718344822198693889e-01,-3.171266421141395453e-01,-3.395686961766716805e-01,-3.787210552722756751e-01,-4.315629631259781940e-01,-4.383491092537418199e-01,-4.315629611093188545e-01,-3.787210555421289815e-01,-3.395686983886094801e-01,-3.171266333016015126e-01,-2.718344846391249070e-01,-4.578866324888324346e-01,-1.414648668375581009e-01,-8.228347152282575738e-01,3.498702747155386095e-01
3.540937140154049589e-01,-8.240532090028035439e-01,-1.379901610115995547e-01,-4.582016717615832735e-01,-2.699838292024613340e-01,-3.159643366655022767e-01,-3.381623944749486688e-01,-3.772749960951512493e-01,-4.303920277684463169e-01,-4.370111713189351876e-01,-4.303920265329490569e-01,-3.772749982275474534e-01,-3.381623940611743206e-01,-3.159643325401292335e-01,-2.699838322582591155e-01,-4.582016728627364976e-01,-1.379901598625638826e-01,-8.240532120841578267e-01,3.540937190880763530e-01
3.582961237437226054e-01,-8.252658320077830290e-01,-1.345159095285675677e-01,-4.585236444707588843e-01,-2.681340995936104532e-01,-3.148078007218638730e-01,-3.367595274983630760e-01,-3.758318284285417366e-01,-4.292259866185343387e-01,-4.356756213437465997e-01,-4.292259855035607807e-01,-3.758318307037537553e-01,-3.367595266329217463e-01,-3.148077964305353582e-01,-2.681341026405088535e-01,-4.585236459837826462e-01,-1.345159081527965705e-01,-8.252658349463813936e-01,3.582961287150489005e-01
3.624773002094252572e-01,-8.264724628924533523e-01,-1.310424524553020220e-01,-4.588523926452451884e-01,-2.662854375355233061e-01,-3.136570606461715482e-01,-3.353601492560113195e-01,-3.743916298467238057e-01,-4.280648719933194957e-01,-4.343425300956703650e-01,-4.280648709959810616e-01,-3.743916322337279556e-01,-3.353601479810617292e-01,-3.136570562504695792e-01,-2.662854405472584451e-01,-4.588523945002312421e-01,-1.310424508843104907e-01,-8.264724657059829838e-01,3.624773050719765077e-01
3.666370669245058722e-01,-8.276730012610560294e-01,-1.275701324684768712e-01,-4.591877481538416683e-01,-2.644379930248747512e-01,-3.125121343271604069e-01,-3.339643380125523198e-01,-3.729544501857651184e-01,-4.269087470667596862e-01,-4.330119301033584778e-01,-4.269087472150904783e-01,-3.729544511361900794e-01,-3.339643368882520003e-01,-3.125121237962836251e-01,-2.644379950167931592e-01,-4.591877543348621415e-01,-1.275701290755280326e-01,-8.276730055096358507e-01,3.666370741741050709e-01
3.707752361620927362e-01,-8.288673317549913877e-01,-1.240992828611358761e-01,-4.595295599369895179e-01,-2.625919074870527448e-01,-3.113730506651480878e-01,-3.325721325646815996e-01,-3.715203825933751092e-01,-4.257576234155728834e-01,-4.316839165446353377e-01,-4.257576240510688725e-01,-3.715203836556414396e-01,-3.325721308428490897e-01,-3.113730399376025693e-01,-2.625919094376173435e-01,-4.595295670440867619e-01,-1.240992789148255004e-01,-8.288673355774150986e-01,3.707752429354747026e-01
3.748916448396137913e-01,-8.300553604278453346e-01,-1.206302428842368213e-01,-4.598776593721995432e-01,-2.607473309653657867e-01,-3.102398255156322837e-01,-3.311836106341871089e-01,-3.700894767078312109e-01,-4.246115621244220817e-01,-4.303585223568907048e-01,-4.246115631774145527e-01,-3.700894778759185044e-01,-3.311836084145843850e-01,-3.102398147697667530e-01,-2.607473328926643852e-01,-4.598776671682154316e-01,-1.206302384583280013e-01,-8.300553639396712757e-01,3.748916512371635035e-01
3.789861308424585795e-01,-8.312369907282015635e-01,-1.171633473838513545e-01,-4.602318832653224945e-01,-2.589044105202277790e-01,-3.091124776158823972e-01,-3.297988369817495546e-01,-3.686617961773180352e-01,-4.234706068021559799e-01,-4.290358005256410534e-01,-4.234706081762532603e-01,-3.686617974554806110e-01,-3.297988343480696694e-01,-3.091124670803834240e-01,-2.589044123952458643e-01,-4.602318914968132613e-01,-1.171633425595460243e-01,-8.312369940543141711e-01,3.789861369689476733e-01
3.830585388236075195e-01,-8.324121294192206033e-01,-1.136989291366495153e-01,-4.605920683347038413e-01,-2.570632929935524613e-01,-3.079910246492540971e-01,-3.284178761368826693e-01,-3.672374044079441680e-01,-4.223348000752806253e-01,-4.277158038566691856e-01,-4.223348016272171490e-01,-3.672374058359926252e-01,-3.284178731254522310e-01,-3.079910146572765184e-01,-2.570632947084739439e-01,-4.605920767315089814e-01,-1.136989240012481334e-01,-8.324121326763100903e-01,3.830585447636047913e-01
3.871087202645980274e-01,-8.335806866569571705e-01,-1.102373188135992998e-01,-4.609580510897576255e-01,-2.552241250163728714e-01,-3.068754831794575644e-01,-3.270407926307508095e-01,-3.658163642582000774e-01,-4.212041838964138973e-01,-4.263985845239123273e-01,-4.212041854502575067e-01,-3.658163659273325208e-01,-3.270407891415218482e-01,-3.068754741675228104e-01,-2.552241262223206020e-01,-4.609580595494391364e-01,-1.102373133601030619e-01,-8.335806899224227351e-01,3.871087260449442846e-01
3.911365329308859051e-01,-8.347425754735895431e-01,-1.067788452063578725e-01,-4.613296674919302731e-01,-2.533870531929991454e-01,-3.057658686787543822e-01,-3.256676506553311534e-01,-3.643987387012867507e-01,-4.200787986607865121e-01,-4.250841951815710895e-01,-4.200787996721006556e-01,-3.643987411619319383e-01,-3.256676458481390646e-01,-3.057658620723677223e-01,-2.533870524971806315e-01,-4.613296763300528402e-01,-1.067788390440713303e-01,-8.347425786901502276e-01,3.911365383562865894e-01
3.951418514118920089e-01,-8.358977218259617814e-01,-1.033238208222190951e-01,-4.617067711195658175e-01,-2.515522100941864903e-01,-3.046622098200810203e-01,-3.242984926276273883e-01,-3.629845977729097561e-01,-4.189586779868472721e-01,-4.237726945905974651e-01,-4.189586894611844747e-01,-3.629845819808381613e-01,-3.242985103268397618e-01,-3.046621894638325556e-01,-2.515522216026331304e-01,-4.617067711316958367e-01,-1.033238250007046943e-01,-8.358977190859926409e-01,3.951418489417753421e-01
3.991245256545885578e-01,-8.370460256415620526e-01,-9.987259904051924708e-02,-4.620891612827444650e-01,-2.497197727291922131e-01,-3.035644807889888441e-01,-3.229334421469083338e-01,-3.615739762143904690e-01,-4.178438848658823090e-01,-4.224641052358909521e-01,-4.178438898012490355e-01,-3.615739733350902263e-01,-3.229334439531861278e-01,-3.035644691569892029e-01,-2.497197765780301004e-01,-4.620891679876972802e-01,-9.987259524778585584e-02,-8.370460281256317803e-01,3.991245298501620020e-01
4.030844549275205413e-01,-8.381874296974325400e-01,-9.642547850866921288e-02,-4.624766990939391809e-01,-2.478898590578389460e-01,-3.024727340260003339e-01,-3.215725122866175401e-01,-3.601669480518094879e-01,-4.167344512726646188e-01,-4.211584823631497887e-01,-4.167344664868262161e-01,-3.601669352848709260e-01,-3.215725221541387846e-01,-3.024727113902958564e-01,-2.478898601762608567e-01,-4.624767169861362381e-01,-9.642547001341190971e-02,-8.381874305969482242e-01,4.030844566121086769e-01
4.070215105251184795e-01,-8.393218483109792238e-01,-9.298277555750880663e-02,-4.628692308979217573e-01,-2.460626177833032668e-01,-3.013869647754212067e-01,-3.202157645076892378e-01,-3.587636009805092452e-01,-4.156303763584285327e-01,-4.198559285510846673e-01,-4.156303915541786909e-01,-3.587635871159461365e-01,-3.202157756074245354e-01,-3.013869453929497455e-01,-2.460626167492265537e-01,-4.628692482380006301e-01,-9.298276707927739804e-02,-8.393218480002455628e-01,4.070215104028095388e-01
4.109355904567223439e-01,-8.404492177097591110e-01,-8.954480635695452606e-02,-4.632665894308545251e-01,-2.442381921920617205e-01,-3.003071852650080475e-01,-3.188632695117946669e-01,-3.573639792028994178e-01,-4.145317167288251614e-01,-4.185564655106148724e-01,-4.145317308614850371e-01,-3.573639640353823976e-01,-3.188632823451675868e-01,-3.003071703177312424e-01,-2.442381897145497471e-01,-4.632666040746042380e-01,-8.954479943856698265e-02,-8.404492146985909073e-01,4.109355870456521398e-01
4.148265941407480728e-01,-8.415694726055042985e-01,-8.611188112459962352e-02,-4.636686146983444168e-01,-2.424167240942660118e-01,-2.992334039845787053e-01,-3.175150896769247666e-01,-3.559681428853518348e-01,-4.134385066300065859e-01,-4.172601432078865691e-01,-4.134385183213320492e-01,-3.559681266305783076e-01,-3.175151039324572433e-01,-2.992333945947787677e-01,-2.424167211249882992e-01,-4.636686245469896495e-01,-8.611187740646931987e-02,-8.415694646531116652e-01,4.148265852626270567e-01
4.186944274887887119e-01,-8.426825509515006862e-01,-8.268430670499468671e-02,-4.640751472589949023e-01,-2.405983543358082843e-01,-2.981656284027173753e-01,-3.161712878506292568e-01,-3.545761496252443634e-01,-4.123507817869326852e-01,-4.159670078448215458e-01,-4.123507902689395044e-01,-3.545761324362057820e-01,-3.161713028290588645e-01,-2.981656244868577943e-01,-2.405983521715207019e-01,-4.640751511850160771e-01,-8.268430742463792060e-02,-8.426825354779755584e-01,4.186944106082541861e-01
4.225389974089733269e-01,-8.437883889429182993e-01,-7.926238548981998089e-02,-4.644860308812763794e-01,-2.387832262425952645e-01,-2.971038563903039553e-01,-3.148319424430092162e-01,-3.531880379362525857e-01,-4.112685963675187795e-01,-4.146770842512359501e-01,-4.112685991855001832e-01,-3.531880287697053422e-01,-3.148319487958751717e-01,-2.971038547607024460e-01,-2.387832280275924701e-01,-4.644860300163055067e-01,-7.926238758161777143e-02,-8.437883760172810721e-01,4.225389841284398207e-01
4.263602244776719674e-01,-8.448869325260945917e-01,-7.584642140481305528e-02,-4.649011007428299203e-01,-2.369714732872799656e-01,-2.960481116489227515e-01,-3.134970869550322004e-01,-3.518038875118247866e-01,-4.101919607959622627e-01,-4.133904426072310678e-01,-4.101919631671593347e-01,-3.518038773004462660e-01,-3.134970930638045772e-01,-2.960481095063847157e-01,-2.369714770787725022e-01,-4.649010982054487817e-01,-7.584642537848956811e-02,-8.448869151482765183e-01,4.263602067352827429e-01
4.301580299412687269e-01,-8.459781259115310981e-01,-7.243670819381578529e-02,-4.653202046119473412e-01,-2.351632345973991567e-01,-2.949983920469063658e-01,-3.121667902500593894e-01,-3.504237473303781214e-01,-4.091209132913201652e-01,-4.121071236103435176e-01,-4.091209164500388962e-01,-3.504237355528889153e-01,-3.121667965264603439e-01,-2.949983878824094519e-01,-2.351632403307561403e-01,-4.653202018433725273e-01,-7.243671307731208708e-02,-8.459781052423385184e-01,4.301580089061204371e-01
4.339323434654945855e-01,-8.470619184309231553e-01,-6.903353765530839681e-02,-4.657431877550948784e-01,-2.333586458420710275e-01,-2.939547021384380510e-01,-3.108411094830870192e-01,-3.490476748568260290e-01,-4.080554821256590636e-01,-4.108271762472615607e-01,-4.080554869080812441e-01,-3.490476611959493214e-01,-3.108411163845521408e-01,-2.939546952717338457e-01,-2.333586531636968608e-01,-4.657431857038702994e-01,-6.903354263124242274e-02,-8.470618958010571742e-01,4.339323204514514698e-01
4.376831019419757385e-01,-8.481382635425762651e-01,-6.563719733481324092e-02,-4.661698968090035033e-01,-2.315578410912211005e-01,-2.929170454061471029e-01,-3.095201010155049226e-01,-3.476757276067751756e-01,-4.069956936466643804e-01,-4.095506495032697480e-01,-4.069957005709607945e-01,-3.476757116568128803e-01,-3.095201090937825805e-01,-2.929170357022236049e-01,-2.315578496650782525e-01,-4.661698959027424927e-01,-6.563720198836361930e-02,-8.481382395243055594e-01,4.376830774568149507e-01
4.414102482828803353e-01,-8.492071177318115671e-01,-6.224797060544328547e-02,-4.666001797289389130e-01,-2.297609530819844370e-01,-2.918854240221113172e-01,-3.082038213045137920e-01,-3.463079612087535675e-01,-4.059415743957383027e-01,-4.082775902406083346e-01,-4.059415837242670300e-01,-3.463079426935259386e-01,-3.082038309701065071e-01,-2.918854115789017434e-01,-2.297609626425884399e-01,-4.666001801121324455e-01,-6.224797471468529464e-02,-8.492070926672541376e-01,4.414102226217928582e-01
4.451137178350397794e-01,-8.502684279404923995e-01,-5.886613791087728920e-02,-4.670338856659141946e-01,-2.279681164733758925e-01,-2.908598356495786241e-01,-3.068923337639614668e-01,-3.449444117112319685e-01,-4.048931688256839911e-01,-4.070080319083538845e-01,-4.048931732295271146e-01,-3.449444031867278104e-01,-3.068923376789471358e-01,-2.908598283069451229e-01,-2.279681218241414176e-01,-4.670338852531599194e-01,-5.886613930466402800e-02,-8.502684201600476666e-01,4.451137105206300904e-01
4.487934942878167854e-01,-8.513221835076960620e-01,-5.549197116262293006e-02,-4.674708659403689071e-01,-2.261794538449244107e-01,-2.898402875537663403e-01,-3.055856776449528134e-01,-3.435851718601815596e-01,-4.038504617825825482e-01,-4.057420469481816117e-01,-4.038504684888722940e-01,-3.435851600364678848e-01,-3.055856835973027597e-01,-2.898402777874338199e-01,-2.261794602719255365e-01,-4.674708662864830444e-01,-5.549197236700968705e-02,-8.513221734857898682e-01,4.487934846154049140e-01
4.524495220411272056e-01,-8.523683347689174905e-01,-5.212574224999320938e-02,-4.679109724160290251e-01,-2.243950968539885904e-01,-2.888267752897031859e-01,-3.042839160857094272e-01,-3.422302714066877694e-01,-4.028135010800308891e-01,-4.044796623757594967e-01,-4.028135092896203417e-01,-3.422302576713529554e-01,-3.042839234490531952e-01,-2.888267642416240122e-01,-2.243951036067352300e-01,-4.679109733072503996e-01,-5.212574310821101869e-02,-8.523683243182533786e-01,4.524495118474511912e-01
4.560817691595933643e-01,-8.534068516690684891e-01,-4.876771676920299559e-02,-4.683540591510285678e-01,-2.226151714766678169e-01,-2.878192974445715202e-01,-3.029871018663806703e-01,-3.408797639401329738e-01,-4.017823076147258310e-01,-4.032209228019580927e-01,-4.017823173195902431e-01,-3.408797482757395247e-01,-3.029871106995705721e-01,-2.878192852204055630e-01,-2.226151784789973109e-01,-4.683540605598411899e-01,-4.876771725035874278e-02,-8.534068408836160691e-01,4.560817585394595364e-01
4.596902075807718369e-01,-8.544377053576198700e-01,-4.541815580836455063e-02,-4.687999818265944363e-01,-2.208398021892205576e-01,-2.868178513356689496e-01,-3.016952875930700162e-01,-3.395336996081378955e-01,-4.007569038241837744e-01,-4.019658706388672398e-01,-4.007569144930298033e-01,-3.395336827527208334e-01,-3.016952974634992679e-01,-2.868178385415472986e-01,-2.208398091352959114e-01,-4.687999835156761996e-01,-4.541815590132594616e-02,-8.544376950591461295e-01,4.596901974167437732e-01
4.632748158796848870e-01,-8.554608707969943993e-01,-4.207731565456547529e-02,-4.692485978722356066e-01,-2.190691113591773931e-01,-2.858224336738448557e-01,-3.004085244316966330e-01,-3.381921288971714290e-01,-3.997373099068694535e-01,-4.007145480176438901e-01,-3.997373213268529679e-01,-3.381921110966587540e-01,-3.004085351897799461e-01,-2.858224205570192300e-01,-2.190691181439442248e-01,-4.692485997313752266e-01,-4.207731538478556854e-02,-8.554608611835650134e-01,4.632748063923393111e-01
4.668355781339464383e-01,-8.564763257510155103e-01,-3.874544781304570945e-02,-4.696997665326260729e-01,-2.173032194522897531e-01,-2.848330403180867609e-01,-2.991268625424496341e-01,-3.368551013377591441e-01,-3.987235450404866821e-01,-3.994669961734050867e-01,-3.987235574591407872e-01,-3.368550821765330383e-01,-2.991268744548107317e-01,-2.848330266579377490e-01,-2.173032261761445594e-01,-4.696997686443206699e-01,-3.874544716848548481e-02,-8.564763164393672801e-01,4.668355689237602690e-01
4.703724832325449912e-01,-8.574840501859837261e-01,-3.542279893485611453e-02,-4.701533489466856452e-01,-2.155422451351726443e-01,-2.838496659720183835e-01,-2.978503514823859777e-01,-3.355226644847320583e-01,-3.977156282196294690e-01,-3.982232553589870605e-01,-3.977156415039212467e-01,-3.355226441090166656e-01,-2.978503644565260178e-01,-2.838496519221751502e-01,-2.155422517271526894e-01,-4.701533512490586597e-01,-3.542279792454373910e-02,-8.574840412996391770e-01,4.703724744415311854e-01
4.738855258372570711e-01,-8.584840271977777215e-01,-3.210961071483055956e-02,-4.706092081743946665e-01,-2.137863049712381280e-01,-2.828723046050652945e-01,-2.965790395781174316e-01,-3.341948654356386439e-01,-3.967135768882618652e-01,-3.969833652072367602e-01,-3.967135909130358185e-01,-3.341948439825648265e-01,-2.965790535216090151e-01,-2.828722902997286570e-01,-2.137863113728834530e-01,-4.706092106132107045e-01,-3.210960935227338831e-02,-8.584840188341102962e-01,4.738855175803755593e-01
4.773747059290709416e-01,-8.594762426317914539e-01,-2.880611985114876067e-02,-4.710672092507633413e-01,-2.120355134611280334e-01,-2.819009493413210388e-01,-2.953129740960386829e-01,-3.328717503100055430e-01,-3.957174073987024254e-01,-3.957473645744053470e-01,-3.957174220535128462e-01,-3.328717278984459349e-01,-2.953129889248577999e-01,-2.819009348903863676e-01,-2.120355196280659937e-01,-4.710672117797447545e-01,-2.880611815304752119e-02,-8.594762348628518511e-01,4.773746982945211714e-01
4.808400287162511444e-01,-8.604606850377587435e-01,-2.551255799599295299e-02,-4.715272192278475716e-01,-2.102899830006736970e-01,-2.809355924781869462e-01,-2.940522012143554909e-01,-3.315533642481357512e-01,-3.947271350024325609e-01,-3.945152915297750473e-01,-3.947271502129782172e-01,-3.315533409492891215e-01,-2.940522168745238196e-01,-2.809355779530161579e-01,-2.102899889051018101e-01,-4.715272218183093056e-01,-2.551255597496502117e-02,-8.604606778975836257e-01,4.808400217512559527e-01
4.842815045190451695e-01,-8.614373456032752285e-01,-2.222915170734689194e-02,-4.719891072177078706e-01,-2.085498238463446841e-01,-2.799762254903541692e-01,-2.927967660207572154e-01,-3.302397513621131431e-01,-3.937427738818947698e-01,-3.932871833424995689e-01,-3.937427895960932678e-01,-3.302397272186631261e-01,-2.927967824769785454e-01,-2.799762109389672959e-01,-2.085498294695220522e-01,-4.719891098513278038e-01,-2.222914937268462288e-02,-8.614373391085540232e-01,4.842814982519295652e-01
4.876991486727801917e-01,-8.624062181044844788e-01,-1.895612240523237430e-02,-4.724527444307089485e-01,-2.068151440776563876e-01,-2.790228390413321269e-01,-2.915467125000711923e-01,-3.289309547146703205e-01,-3.927643371604552236e-01,-3.920630764724915007e-01,-3.927643533230729123e-01,-3.289309297759683282e-01,-2.915467297134259339e-01,-2.790228245109509508e-01,-2.068151494035358751e-01,-4.724527470873676194e-01,-1.895611976919169342e-02,-8.624062122787063966e-01,4.876991431388510989e-01
4.910929814382650749e-01,-8.633672988637994816e-01,-1.569368633605619512e-02,-4.729180042089826674e-01,-2.050860495612557011e-01,-2.780754230043748221e-01,-2.903020835100447727e-01,-3.276270163247301803e-01,-3.917918368923732353e-01,-3.908430065617714000e-01,-3.917918534375735007e-01,-3.276269906584886593e-01,-2.903021014296201519e-01,-2.780754085491028427e-01,-2.050860545741108043e-01,-4.729180068644993629e-01,-1.569368341570551856e-02,-8.633672937399752279e-01,4.910929766823661780e-01
4.944630278989697314e-01,-8.643205866955816496e-01,-1.244205453841388392e-02,-4.733847620595788008e-01,-2.033626439186487500e-01,-2.771339664746862441e-01,-2.890629207729689676e-01,-3.263279771439585031e-01,-3.908252840789074867e-01,-3.896270084233152131e-01,-3.908253009096397390e-01,-3.263279508665070106e-01,-2.890629393153761884e-01,-2.771339521703325426e-01,-2.033626486025461311e-01,-4.733847646759724581e-01,-1.244205136424170882e-02,-8.643205823266373322e-01,4.944630239863103682e-01
4.978093178647791106e-01,-8.652660828587074304e-01,-9.201432822957836266e-03,-4.738528956807544490e-01,-2.016450284964892425e-01,-2.761984578034745175e-01,-2.878292648342278826e-01,-3.250338770927043708e-01,-3.898646886372504894e-01,-3.884151160342310671e-01,-3.898647056580250014e-01,-3.250338503221458231e-01,-2.878292839159409811e-01,-2.761984437197798625e-01,-2.016450328437225659e-01,-4.738528982192640737e-01,-9.201429431407823212e-03,-8.652660792906921028e-01,4.978093148520597033e-01
5.011318861122868729e-01,-8.662037913108353582e-01,-5.972021684220556181e-03,-4.743222848761458055e-01,-1.999333020660909455e-01,-2.752688846272793310e-01,-2.866011551022686898e-01,-3.237447549691329085e-01,-3.889100598445473511e-01,-3.872073619598889738e-01,-3.889100765691505535e-01,-3.237447286091589271e-01,-2.866011741111130218e-01,-2.752688712270706106e-01,-1.999333058186138212e-01,-4.743222876614499040e-01,-5.972018100342455643e-03,-8.662037878255040013e-01,5.011318831091051695e-01
5.044307708785322752e-01,-8.671337173931504827e-01,-2.754016535390362008e-03,-4.747928120297024712e-01,-1.982275619211524287e-01,-2.743452337472035429e-01,-2.853786297612117551e-01,-3.224606485783620968e-01,-3.879614047689270984e-01,-3.860037795625589352e-01,-3.879614214032200414e-01,-3.224606221156117170e-01,-2.853786490149585742e-01,-2.743452207476348992e-01,-1.982275653168890373e-01,-4.747928146625693957e-01,-2.754012823682483457e-03,-8.671337147721631666e-01,5.044307688502780440e-01
5.077060158321845540e-01,-8.680558696407182362e-01,4.523926795681754154e-04,-4.752643614495393187e-01,-1.965279021614851906e-01,-2.734274913951608155e-01,-2.841617257969256127e-01,-3.211815945762152569e-01,-3.870187305698785107e-01,-3.848043997404801408e-01,-3.870187469804456382e-01,-3.211815681998091421e-01,-2.841617451623488222e-01,-2.734274788745794105e-01,-1.965279052181998498e-01,-4.752643638695698280e-01,4.523964476349437436e-04,-8.680558679248564502e-01,5.077060148253506044e-01
5.109576685947621044e-01,-8.689702584933138851e-01,3.647021237974661101e-03,-4.757368198324008479e-01,-1.948344148132327425e-01,-2.725156430699213206e-01,-2.829504789900063599e-01,-3.199076285561381905e-01,-3.860820430030099115e-01,-3.836092530471220119e-01,-3.860820590694843957e-01,-3.199076024444702515e-01,-2.829504983421768927e-01,-2.725156310915756164e-01,-1.948344175609304230e-01,-4.757368219838718493e-01,3.647024987401992213e-03,-8.689702577022153651e-01,5.109576686309008631e-01
5.141857809531946710e-01,-8.698768965261964858e-01,6.829689693150356455e-03,-4.762100761640369884e-01,-1.931471895331245969e-01,-2.716096736206400908e-01,-2.817449238678131906e-01,-3.186387850637720232e-01,-3.851513467649066991e-01,-3.824183691737378377e-01,-3.851513624434644845e-01,-3.186387592878996422e-01,-2.817449431593978537e-01,-2.716096621925039867e-01,-1.931471920109817664e-01,-4.762100780239788556e-01,6.829693374287890140e-03,-8.698768966335655994e-01,5.141857820032955662e-01
5.173904087606346902e-01,-8.707757983984223404e-01,1.000022388985566391e-02,-4.766840217366451471e-01,-1.914663135944505434e-01,-2.707095672277434195e-01,-2.805450937562002922e-01,-3.173750975070025460e-01,-3.842266455703253758e-01,-3.812317769400410672e-01,-3.842266608585672705e-01,-3.173750720797341440e-01,-2.805451129833619883e-01,-2.707095563301648022e-01,-1.914663158444730728e-01,-4.766840232994284388e-01,1.000022746870965484e-02,-8.707757993594111845e-01,5.173904107751561288e-01
5.205716118707726103e-01,-8.716669808302786038e-01,1.315845498495889915e-02,-4.771585501661746997e-01,-1.897918718649869163e-01,-2.698153073866106366e-01,-2.793510208370713066e-01,-3.161165980740748838e-01,-3.833079422284896842e-01,-3.800495042738976093e-01,-3.833079570377487810e-01,-3.161165731451182070e-01,-2.793510398968664932e-01,-2.698152970511772941e-01,-1.897918739385638653e-01,-4.771585513860938099e-01,1.315845838507315180e-02,-8.716669826286636003e-01,5.205716148280886690e-01
5.237294539510625180e-01,-8.725504624805759946e-01,1.630421937176718822e-02,-4.776335573782661825e-01,-1.881239468183041053e-01,-2.689268770264101605e-01,-2.781627359619144868e-01,-3.148633179727755027e-01,-3.823952384572313346e-01,-3.788715782431135715e-01,-3.823952527683849301e-01,-3.148632935909867481e-01,-2.781627548246813353e-01,-2.689268672397505666e-01,-1.881239487673419808e-01,-4.776335582405955016e-01,1.630422254616440553e-02,-8.725504650692893494e-01,5.237294577963576003e-01
5.268640022943846812e-01,-8.734262638197844986e-01,1.943735863284731802e-02,-4.781089416045328777e-01,-1.864626185510297185e-01,-2.680442585501170427e-01,-2.769802685911736395e-01,-3.136152874817339509e-01,-3.814885348407767163e-01,-3.776980250897041813e-01,-3.814885489237014871e-01,-3.136152632378602645e-01,-2.769802875686378507e-01,-2.680442491381522796e-01,-1.864626203887672085e-01,-4.781089422223868679e-01,1.943736168190655922e-02,-8.734262670910344362e-01,5.268640069169258089e-01
5.299753279564354269e-01,-8.742944072768723540e-01,2.255771968168115288e-02,-4.785846034314523711e-01,-1.848079647102108258e-01,-2.671674336444337383e-01,-2.758036471819000357e-01,-3.123725354587235103e-01,-3.805878312568020672e-01,-3.765288701200566468e-01,-3.805878453102838899e-01,-3.123725110453637877e-01,-2.758036665189904646e-01,-2.671674244886327321e-01,-1.848079664408855405e-01,-4.785846038874629893e-01,2.255772268246183931e-02,-8.742944111721677736e-01,5.299753332986710808e-01
5.330635056937531591e-01,-8.751549172214252437e-01,2.566515473978378536e-02,-4.790604457986670783e-01,-1.831600604827363088e-01,-2.662963833295190486e-01,-2.746328991481990500e-01,-3.111350894224478858e-01,-3.796931268325962616e-01,-3.753641376814491060e-01,-3.796931407271529335e-01,-3.111350650613917690e-01,-2.746329186948552326e-01,-2.662963744924118914e-01,-1.831600621587646527e-01,-4.790604460304762613e-01,2.566515760036440497e-02,-8.751549217456620067e-01,5.330635117538562451e-01
5.361286135458946944e-01,-8.760078196447759202e-01,2.875952113074069227e-02,-4.795363739442722872e-01,-1.815189786785985360e-01,-2.654310881910654230e-01,-2.734680504406089008e-01,-3.099029760581613613e-01,-3.788044195241085377e-01,-3.742038512997193367e-01,-3.788044331357777739e-01,-3.099029519726772541e-01,-2.734680700407376430e-01,-2.654310797230594043e-01,-1.815189803628416421e-01,-4.795363738916955110e-01,2.875952375561109664e-02,-8.760078247820306530e-01,5.361286202975334980e-01
5.391707248742569902e-01,-8.768531355214106426e-01,3.184067685812400766e-02,-4.800122939281168399e-01,-1.798847916616254650e-01,-2.645715327954100693e-01,-2.723091160301419622e-01,-3.086762319393071552e-01,-3.779216971562229244e-01,-3.730480368163398563e-01,-3.779217219784873905e-01,-3.086761897395609022e-01,-2.723091499773170887e-01,-2.645715201549212470e-01,-1.798847892070182253e-01,-4.800123005710655866e-01,3.184068719335585856e-02,-8.768531390499147982e-01,5.391707302857744466e-01
5.421899392274800444e-01,-8.776909066886261490e-01,3.490849816557191343e-02,-4.804881185282795508e-01,-1.782575637288581760e-01,-2.637176877084814741e-01,-2.711561384198518110e-01,-3.074548597764512059e-01,-3.770449739056525584e-01,-3.718967101345056481e-01,-3.770449983206167754e-01,-3.074548178271987453e-01,-2.711561726578622933e-01,-2.637176758085289507e-01,-1.782575609365120994e-01,-4.804881249701657420e-01,3.490850847955145886e-02,-8.776909113737354495e-01,5.421899459681183142e-01
5.451863480804961526e-01,-8.785211672618069567e-01,3.796285899508950595e-02,-4.809637601893578251e-01,-1.766373596934827650e-01,-2.628695312919053784e-01,-2.700091421042613016e-01,-3.062388814373685486e-01,-3.761742471460050585e-01,-3.707498895373342318e-01,-3.761742580641122546e-01,-3.062388615473325970e-01,-2.700091590940809638e-01,-2.628695247237672339e-01,-1.766373615925935503e-01,-4.809637591444639870e-01,3.796286023462108056e-02,-8.785211731385379474e-01,5.451863555149767393e-01
5.481600208366526061e-01,-8.793439316947515572e-01,4.100362640361347039e-02,-4.814391300340111757e-01,-1.750242477437349842e-01,-2.620270524362936504e-01,-2.688681249277742324e-01,-3.050283439548754361e-01,-3.753094891194467264e-01,-3.696076052999403561e-01,-3.753094999923611286e-01,-3.050283240467358548e-01,-2.688681421961209295e-01,-2.620270460608847274e-01,-1.750242496989923568e-01,-4.814391288499203503e-01,4.100362749654754696e-02,-8.793439379825747082e-01,5.481600287371628522e-01
5.511110612935220532e-01,-8.801592424305491047e-01,4.403068844833063489e-02,-4.819141464718443291e-01,-1.734182862730085928e-01,-2.611902239751255350e-01,-2.677331182020863398e-01,-3.038232559794679100e-01,-3.744507043746054809e-01,-3.684698716652998751e-01,-3.744507151896143693e-01,-3.038232360917512143e-01,-2.677331357321424687e-01,-2.611902177969827044e-01,-1.734182883026459121e-01,-4.819141451511579355e-01,4.403068938187399556e-02,-8.801592491126015716e-01,5.511110696386233299e-01
5.540395657315787536e-01,-8.809671346277878623e-01,4.704393286682077152e-02,-4.823887285207962838e-01,-1.718195337444433646e-01,-2.603590235218493643e-01,-2.666041404645611568e-01,-3.026236375772615173e-01,-3.735978855327239945e-01,-3.673367069352022063e-01,-3.735978963066144964e-01,-3.026236176956148549e-01,-2.666041582834020041e-01,-2.603590175365942949e-01,-1.718195358531258710e-01,-4.823887270820754192e-01,4.704393365062547322e-02,-8.809671416957796097e-01,5.540395745116620807e-01
5.569456330998310278e-01,-8.817676447696327635e-01,5.004325231599406065e-02,-4.828627974509664966e-01,-1.702280462669628902e-01,-2.595334282532239523e-01,-2.654812090296124194e-01,-3.014295077303801862e-01,-3.727510243736810169e-01,-3.662081285586935575e-01,-3.727510351571393654e-01,-3.014294877757349722e-01,-2.654812272228546099e-01,-2.595334224489707076e-01,-1.702280484425693075e-01,-4.828627959297074335e-01,5.004325298552438073e-02,-8.817676522340783807e-01,5.569456423294083525e-01
5.598293649892182033e-01,-8.825608106725918445e-01,5.302854435092325958e-02,-4.833362767749289635e-01,-1.686438775990612149e-01,-2.587134148978552095e-01,-2.643643400593189696e-01,-3.002408842851100879e-01,-3.719101119103234154e-01,-3.650841530958000014e-01,-3.719101227302822332e-01,-3.002408642170487085e-01,-2.643643586842346904e-01,-2.587134092757626957e-01,-1.686438798312593357e-01,-4.833362751994277895e-01,5.302854493230921978e-02,-8.825608185470457112e-01,5.598293746852662789e-01
5.626908653946455230e-01,-8.833466713158424355e-01,5.599971131790238560e-02,-4.838090922139312022e-01,-1.670670791880995709e-01,-2.578989598026774632e-01,-2.632535484532728121e-01,-2.990577840716433511e-01,-3.710751382932304665e-01,-3.639647962966977013e-01,-3.710751492124371165e-01,-2.990577637780810205e-01,-2.632535676385687196e-01,-2.578989543618092073e-01,-1.670670814434156437e-01,-4.838090906344088005e-01,5.599971186944903423e-02,-8.833466796422857481e-01,5.626908756097155351e-01
5.655302406698001771e-01,-8.841252668335997100e-01,5.895666032411873980e-02,-4.842811716851986303e-01,-1.654977001767547196e-01,-2.570900389265536878e-01,-2.621488479061112042e-01,-2.978802228632513871e-01,-3.702460928726447609e-01,-3.628500730827019516e-01,-3.702461039915689867e-01,-2.978802021520064458e-01,-2.621488678689604668e-01,-2.570900336707950262e-01,-1.654977023910840783e-01,-4.842811701791917001e-01,5.895666094351634245e-02,-8.841252756958377645e-01,5.655302515079017045e-01
5.683476011169550368e-01,-8.848966399078930234e-01,6.189930366304713383e-02,-4.847524453833879088e-01,-1.639357873555098433e-01,-2.562866272075167151e-01,-2.610502524073642361e-01,-2.967082142307607695e-01,-3.694229656401820105e-01,-3.617399961534981667e-01,-3.694229757888148336e-01,-2.967081952183688864e-01,-2.610502711053475644e-01,-2.562866224547581950e-01,-1.639357896436525464e-01,-4.847524437853489854e-01,6.189930393373523076e-02,-8.848966484446778580e-01,5.683476115177727994e-01
5.711430551314641280e-01,-8.856608307758189191e-01,6.482755712546928173e-02,-4.852228454121801926e-01,-1.623813854107929999e-01,-2.554887008492865430e-01,-2.599577710914590667e-01,-2.955417735266372969e-01,-3.686057422549009477e-01,-3.606345809268559632e-01,-3.686057523887897869e-01,-2.955417544983546807e-01,-2.599577901999157170e-01,-2.554886963593331339e-01,-1.623813876709220283e-01,-4.852228438712907765e-01,6.482755740569741409e-02,-8.856608397366710905e-01,5.711430660157432726e-01
5.739167092889823074e-01,-8.864178774186164400e-01,6.774133985376859513e-02,-4.856923057707557834e-01,-1.608345369669285929e-01,-2.546962367797718230e-01,-2.588714088545535641e-01,-2.943809177311879632e-01,-3.677944050181415347e-01,-3.595338442532565182e-01,-3.677944194236429376e-01,-2.943808904375877500e-01,-2.588714372156900589e-01,-2.546962322958614688e-01,-1.608345371928526224e-01,-4.856923064488792852e-01,6.774134330022762995e-02,-8.864178903396845444e-01,5.739167250234391560e-01
5.766687002934322015e-01,-8.871678426427771491e-01,7.064058394513961225e-02,-4.861607642341380653e-01,-1.592952811857096529e-01,-2.539092022664689585e-01,-2.577911931018109781e-01,-2.932256435734817979e-01,-3.669889571329300604e-01,-3.584377818655727910e-01,-3.669889677132952555e-01,-2.932256240141520309e-01,-2.577912136762360862e-01,-2.539091985339523294e-01,-1.592952827471478539e-01,-4.861607635690918805e-01,7.064058516754512240e-02,-8.871678526842996515e-01,5.766687124308255141e-01
5.793991236196849304e-01,-8.879107535521413297e-01,7.352521307492829172e-02,-4.866281581042485316e-01,-1.577636570064082644e-01,-2.531275785726172511e-01,-2.567171138145787901e-01,-2.920759761069357530e-01,-3.661893677830920235e-01,-3.573464201570305532e-01,-3.661893784644998373e-01,-2.920759562280740851e-01,-2.567171353463257866e-01,-2.531275752559294379e-01,-1.577636582391740983e-01,-4.866281577789577373e-01,7.352521466072570178e-02,-8.879107643419328344e-01,5.793991366372642782e-01
5.821081071994748113e-01,-8.886466641320382998e-01,7.639516448904647150e-02,-4.870944285544422936e-01,-1.562396997359291606e-01,-2.523513366988681672e-01,-2.556491853647137047e-01,-2.909319187105821047e-01,-3.653956288917077355e-01,-3.562597625040073712e-01,-3.653956389450828124e-01,-2.909319001158266471e-01,-2.556492060897010421e-01,-2.523513335876830244e-01,-1.562397014074985435e-01,-4.870944278556424978e-01,7.639516550556883778e-02,-8.886466748491831380e-01,5.821081200881941253e-01
5.847957619939198048e-01,-8.893756133441412803e-01,7.925037476977005169e-02,-4.875595181372487374e-01,-1.547234427537693691e-01,-2.515804534537368631e-01,-2.545874054387238239e-01,-2.897934862798785538e-01,-3.646077171350681212e-01,-3.551778261632492217e-01,-3.646077296942187296e-01,-2.897934623671279963e-01,-2.545874338850048768e-01,-2.515804506480687208e-01,-1.547234435819652976e-01,-4.875595181351865537e-01,7.925037709319805723e-02,-8.893756281772643435e-01,5.847957798459536560e-01
5.874622235446660401e-01,-8.900976603882919669e-01,8.209078929709126560e-02,-4.880233707907039031e-01,-1.532149190803928640e-01,-2.508148965366171490e-01,-2.535317914236780990e-01,-2.886606768221506858e-01,-3.638256278057154791e-01,-3.541006075053350077e-01,-3.638256390978432120e-01,-2.886606546634868931e-01,-2.535318184689950849e-01,-2.508148958000245843e-01,-1.532149181678736094e-01,-4.880233720107263751e-01,8.209079276030858963e-02,-8.900976761458142539e-01,5.874622424483121330e-01
5.901076219473607720e-01,-8.908128592244967114e-01,8.491635747527992439e-02,-4.884859340563352248e-01,-1.517141571612930229e-01,-2.500546383554183016e-01,-2.524823506902788561e-01,-2.875334931262611415e-01,-3.630493495662971970e-01,-3.530281061447019808e-01,-3.630493565219958252e-01,-2.875334799003630426e-01,-2.524823663857258538e-01,-2.500546365336201449e-01,-1.517141592677428985e-01,-4.884859327639511362e-01,8.491635708746125832e-02,-8.908128685816614212e-01,5.901076330974147632e-01
5.927320569436870246e-01,-8.915212375664689493e-01,8.772702491082279286e-02,-4.889471559396916245e-01,-1.502211837161886443e-01,-2.492996596053962399e-01,-2.514390648605250855e-01,-2.864119578532178800e-01,-3.622788426588841593e-01,-3.519603549605748727e-01,-3.622788495806047449e-01,-2.864119444176942975e-01,-2.514390815356474795e-01,-2.492996584303895369e-01,-1.502211853065233416e-01,-4.889471552114578734e-01,8.772702512035102096e-02,-8.915212479505602028e-01,5.927320693036113308e-01
5.953356691196795003e-01,-8.922228571827817145e-01,9.052275006253499012e-02,-4.894069869624267932e-01,-1.487360247927205226e-01,-2.485499281690155549e-01,-2.504019472587160622e-01,-2.852960661300840139e-01,-3.615141009922861470e-01,-3.508973462024285173e-01,-3.615141075415254646e-01,-2.852960532908105362e-01,-2.504019638788109736e-01,-2.485499274710158968e-01,-1.487360262195809024e-01,-4.894069864682770721e-01,9.052275042545548933e-02,-8.922228679495260995e-01,5.953356819131423450e-01
5.979185855417711304e-01,-8.929177678933031270e-01,9.330349203231425026e-02,-4.898653792630771053e-01,-1.472587038277682059e-01,-2.478054165452426849e-01,-2.493709978748167022e-01,-2.841858220685254399e-01,-3.607551053561793841e-01,-3.498390856219495970e-01,-3.607551114132614978e-01,-2.841858101218630583e-01,-2.493710140042134094e-01,-2.478054162338834687e-01,-1.472587052356473802e-01,-4.898653788579629964e-01,9.330349236178436811e-02,-8.929177787513062903e-01,5.979185984199957282e-01
6.004809349316014844e-01,-8.936060204427517251e-01,9.606921386603634039e-02,-4.903222867676503838e-01,-1.457892423548664551e-01,-2.470660968302457461e-01,-2.483462161227609211e-01,-2.830812284959351444e-01,-3.600018364451152975e-01,-3.487855776516885498e-01,-3.600018419328989139e-01,-2.830812176244619227e-01,-2.483462314426396755e-01,-2.470660968549991399e-01,-1.457892437745884617e-01,-4.903222863988374036e-01,9.606921409430187186e-02,-8.936060311598545969e-01,6.004809476199084450e-01
6.030228470617198244e-01,-8.942876660097172081e-01,9.881988236546784821e-02,-4.907776651249806665e-01,-1.443276599925349957e-01,-2.463319408807750355e-01,-2.473276004949958584e-01,-2.819822871647526541e-01,-3.592542745984581010e-01,-3.477368257707957877e-01,-3.592542794916028237e-01,-2.819822774140907651e-01,-2.473276148858787049e-01,-2.463319412378878193e-01,-1.443276613755479776e-01,-4.907776648129050789e-01,9.881988252158319108e-02,-8.942876764923297639e-01,6.030228594519511098e-01
6.055444466468047349e-01,-8.949627510373536765e-01,1.015554644741680224e-01,-4.912314687550617953e-01,-1.428739748664795695e-01,-2.456029217036198586e-01,-2.463151438192565656e-01,-2.808890050556881457e-01,-3.585123910302227546e-01,-3.466928420954491497e-01,-3.585123954597723150e-01,-2.808889957985232777e-01,-2.463151599842193784e-01,-2.456029245449393716e-01,-1.428739739426684585e-01,-4.912314707689011128e-01,1.015554672761065508e-01,-8.949627645497625350e-01,6.055444626233118521e-01
6.080458785490567841e-01,-8.956313386874292792e-01,1.042759418234339430e-01,-4.916836627539152849e-01,-1.414282022160052166e-01,-2.448790072479085367e-01,-2.453088541887216700e-01,-2.798013665227102043e-01,-3.577761865530205143e-01,-3.456536051830416123e-01,-3.577761903709198998e-01,-2.798013584830374434e-01,-2.453088692752049271e-01,-2.448790103839817434e-01,-1.414282013072826194e-01,-4.916836647930923343e-01,1.042759445230611870e-01,-8.956313519872985962e-01,6.080458942522679600e-01
6.105272691813816710e-01,-8.962934761115007865e-01,1.069812906597836927e-01,-4.921342075451056175e-01,-1.399903552671687978e-01,-2.441601716452174720e-01,-2.443087194858143407e-01,-2.787193799184528586e-01,-3.570456273099665290e-01,-3.446191314297155639e-01,-3.570456305873777048e-01,-2.787193728252379543e-01,-2.443087342476960022e-01,-2.441601754383478096e-01,-1.399903540291677073e-01,-4.921342099900163358e-01,1.069812937021175636e-01,-8.962934899686133550e-01,6.105272855246652863e-01
6.129887609375199720e-01,-8.969492236991580825e-01,1.096714995982850382e-01,-4.925830726494525580e-01,-1.385604441322627056e-01,-2.434463870144246700e-01,-2.433147349123847558e-01,-2.776430436249467393e-01,-3.563206921250464676e-01,-3.435894223436927741e-01,-3.563206951638598352e-01,-2.776430372351965103e-01,-2.433147471578565035e-01,-2.434463890413909315e-01,-1.385604447594246391e-01,-4.925830731707701027e-01,1.096715002880664369e-01,-8.969492345965164315e-01,6.129887737556186655e-01
6.154304739885354536e-01,-8.975986224338987629e-01,1.123465407381349507e-01,-4.930302098433423375e-01,-1.371384828626168728e-01,-2.427376236644964713e-01,-2.423268910828871303e-01,-2.765723601113982411e-01,-3.556013507268908636e-01,-3.425644843216465452e-01,-3.556013532632963381e-01,-2.765723545692072016e-01,-2.423269029538135388e-01,-2.427376262846938915e-01,-1.371384831177790420e-01,-4.930302107562206104e-01,1.123465417786510129e-01,-8.975986337261416814e-01,6.154304872601662479e-01
6.178525506409844326e-01,-8.982417319615459972e-01,1.150064080088525342e-01,-4.934755903377006092e-01,-1.357244787746867409e-01,-2.420338524400559854e-01,-2.413451831941338943e-01,-2.755073228880673408e-01,-3.548875852164983802e-01,-3.415443124507160921e-01,-3.548875871879916266e-01,-2.755073183092087152e-01,-2.413451945402679266e-01,-2.420338556750631365e-01,-1.357244786230053790e-01,-4.934755916619962268e-01,1.150064094212124577e-01,-8.982417435762397595e-01,6.178525642811769636e-01
6.202551130312389249e-01,-8.988785943898592867e-01,1.176510833486343888e-01,-4.939191725262367383e-01,-1.343184410757617409e-01,-2.413350423923713295e-01,-2.403696025174414386e-01,-2.744479260035249668e-01,-3.541793736852112962e-01,-3.405289032527633042e-01,-3.541793727641277534e-01,-2.744479248546990435e-01,-2.403696177815331514e-01,-2.413350518396431832e-01,-1.343184365346699605e-01,-4.939191790732411214e-01,1.176510902061183583e-01,-8.988786144996907534e-01,6.202551366729019966e-01
6.214491308408791603e-01,-8.991947099523345255e-01,1.189677307171733422e-01,-4.941402874181543003e-01,-1.336184094539302203e-01,-2.409874899738222997e-01,-2.398841080128776837e-01,-2.739203422134020571e-01,-3.538273428200471860e-01,-3.400229856557844821e-01,-3.538273412493112002e-01,-2.739203421783236725e-01,-2.398841227834652423e-01,-2.409875001396396821e-01,-1.336184044487340183e-01,-4.941402945193592577e-01,1.189677380911461080e-01,-8.991947305577274729e-01,6.214491550564033018e-01
6.214491308408791603e-01,-8.991947099523345255e-01,1.189677307171733422e-01,-4.941402874181543003e-01,-1.336184094539302203e-01,-2.409874899738222997e-01,-2.398841080128776837e-01,-2.739203422134020571e-01,-3.538273428200471860e-01,-3.400229856557844821e-01,-3.538273412493112002e-01,-2.739203421783236725e-01,-2.398841227834652423e-01,-2.409875001396396821e-01,-1.336184044487340183e-01,-4.941402945193592577e-01,1.189677380911461080e-01,-8.991947305577274729e-01,6.214491550564033018e-01
6.214491308408791603e-01,-8.991947099523345255e-01,1.189677307171733422e-01,-4.941402874181543003e-01,-1.336184094539302203e-01,-2.409874899738222997e-01,-2.398841080128776837e-01,-2.739203422134020571e-01,-3.538273428200471860e-01,-3.400229856557844821e-01,-3.538273412493112002e-01,-2.739203421783236725e-01,-2.398841227834652423e-01,-2.409875001396396821e-01,-1.336184044487340183e-01,-4.941402945193592577e-01,1.189677380911461080e-01,-8.991947305577274729e-01,6.214491550564033018e-01
6.214491308408791603e-01,-8.991947099523345255e-01,1.189677307171733422e-01,-4.941402874181543003e-01,-1.336184094539302203e-01,-2.409874899738222997e-01,-2.398841080128776837e-01,-2.739203422134020571e-01,-3.538273428200471860e-01,-3.400229856557844821e-01,-3.538273412493112002e-01,-2.739203421783236725e-01,-2.398841227834652423e-01,-2.409875001396396821e-01,-1.336184044487340183e-01,-4.941402945193592577e-01,1.189677380911461080e-01,-8.991947305577274729e-01,6.214491550564033018e-01
