-1.000000000000000000e+00,-1.000000000000000000e+00,-1.000000000000000000e+00,-1.000000000000000000e+00,-1.000000000000000000e+00,-1.000000000000000000e+00,-1.000000000000000000e+00,-1.000000000000000000e+00,-1.000000000000000000e+00,-1.000000000000000000e+00,-1.000000000000000000e+00,-1.000000000000000000e+00,-1.000000000000000000e+00,-1.000000000000000000e+00,-1.000000000000000000e+00,-1.000000000000000000e+00,-1.000000000000000000e+00,-1.000000000000000000e+00,-1.000000000000000000e+00,-1.000000000000000000e+00
-9.061984238082984033e-01,-9.081416374499977628e-01,-9.081416374499980959e-01,-9.061984238082980703e-01,-9.081465089718724348e-01,-9.104206157673006006e-01,-9.104206157673006006e-01,-9.081465089718721018e-01,-9.081890914249129976e-01,-9.104758293581183271e-01,-9.104758293581183271e-01,-9.081890914249129976e-01,-9.081465089718721018e-01,-9.104206157673006006e-01,-9.104206157673007116e-01,-9.081465089718723238e-01,-9.061984238082980703e-01,-9.081416374499976518e-01,-9.081416374499975408e-01,-9.061984238082979592e-01
-7.954635750970855401e-01,-8.182206870510332353e-01,-8.182206870510350116e-01,-7.954635750970833197e-01,-8.182954127518109466e-01,-8.455698516135837783e-01,-8.455698516135830012e-01,-8.182954127518081711e-01,-8.191125889707087104e-01,-8.464373289784352661e-01,-8.464373289784350440e-01,-8.191125889707089325e-01,-8.182954127518083931e-01,-8.455698516135836673e-01,-8.455698516135827791e-01,-8.182954127518078380e-01,-7.954635750970824315e-01,-8.182206870510311258e-01,-8.182206870510304597e-01,-7.954635750970816543e-01
-8.524499247407274494e-01,-8.973670315287038957e-01,-8.973670315287061161e-01,-8.524499247407231195e-01,-8.973694160732688108e-01,-9.396154556335474251e-01,-9.396154556335453156e-01,-8.973694160732660352e-01,-8.986189948027332175e-01,-9.404374537834196968e-01,-9.404374537834191417e-01,-8.986189948027326624e-01,-8.973694160732663683e-01,-9.396154556335472030e-01,-9.396154556335456487e-01,-8.973694160732645919e-01,-8.524499247407194558e-01,-8.973670315286993437e-01,-8.973670315286980115e-01,-8.524499247407175684e-01
-9.692189744968724430e-01,-9.905466119759634980e-01,-9.905466119759643862e-01,-9.692189744968703335e-01,-9.905102762696487151e-01,-9.889585945341532458e-01,-9.889585945341543560e-01,-9.905102762696493812e-01,-9.890253343232161543e-01,-9.875051746001046737e-01,-9.875051746001046737e-01,-9.890253343232160432e-01,-9.905102762696492702e-01,-9.889585945341534678e-01,-9.889585945341539119e-01,-9.905102762696488261e-01,-9.692189744968658927e-01,-9.905466119759613886e-01,-9.905466119759612775e-01,-9.692189744968647824e-01
-9.701746117882754650e-01,-9.357025962720425527e-01,-9.357025962720405543e-01,-9.701746117882777964e-01,-9.360897335019813248e-01,-8.745245630290646721e-01,-8.745245630290701122e-01,-9.360897335019811027e-01,-9.364271801600100309e-01,-8.805386932779506459e-01,-8.805386932779506459e-01,-9.364271801600108081e-01,-9.360897335019808807e-01,-8.745245630290645611e-01,-8.745245630290667815e-01,-9.360897335019824350e-01,-9.701746117882789067e-01,-9.357025962720471046e-01,-9.357025962720485479e-01,-9.701746117882799059e-01
-8.665022197194409692e-01,-8.201723601984769463e-01,-8.201723601984739487e-01,-8.665022197194442999e-01,-8.206170431345058969e-01,-7.796924903776116800e-01,-7.796924903776161209e-01,-8.206170431345004568e-01,-8.348047562391921472e-01,-8.056944876884268858e-01,-8.056944876884251094e-01,-8.348047562391924803e-01,-8.206170431345007898e-01,-7.796924903776092375e-01,-7.796924903776085714e-01,-8.206170431345017890e-01,-8.665022197194525155e-01,-8.201723601984812762e-01,-8.201723601984823864e-01,-8.665022197194539588e-01
-7.851942862861183148e-01,-8.001149904939016677e-01,-8.001149904939020008e-01,-7.851942862861186478e-01,-7.988880285582038443e-01,-8.446894629087478013e-01,-8.446894629087478013e-01,-7.988880285581934082e-01,-8.230764753505991349e-01,-8.742230862455540041e-01,-8.742230862455514506e-01,-8.230764753505999121e-01,-7.988880285581945184e-01,-8.446894629087448036e-01,-8.446894629087398076e-01,-7.988880285581920759e-01,-7.851942862861251982e-01,-8.001149904938960056e-01,-8.001149904938955615e-01,-7.851942862861251982e-01
-7.935435951562431756e-01,-8.881064644808918107e-01,-8.881064644808982500e-01,-7.935435951562404000e-01,-8.838744321782928681e-01,-9.723881554060490595e-01,-9.723881554060478383e-01,-8.838744321782840974e-01,-8.990178509111397265e-01,-9.790457492959079300e-01,-9.790457492959072638e-01,-8.990178509111421690e-01,-8.838744321782835422e-01,-9.723881554060471721e-01,-9.723881554060440635e-01,-8.838744321782793234e-01,-7.935435951562347379e-01,-8.881064644808772668e-01,-8.881064644808756015e-01,-7.935435951562324064e-01
-8.462893369125764620e-01,-9.603335555916148181e-01,-9.603335555916231447e-01,-8.462893369125707999e-01,-9.556371366497944386e-01,-9.578258724684812764e-01,-9.578258724684856062e-01,-9.556371366497942166e-01,-9.448994809428009622e-01,-9.357810300399332926e-01,-9.357810300399344028e-01,-9.448994809428037378e-01,-9.556371366497935504e-01,-9.578258724684824976e-01,-9.578258724684894920e-01,-9.556371366497911080e-01,-8.462893369125532583e-01,-9.603335555916058253e-01,-9.603335555916049371e-01,-8.462893369125503717e-01
-8.738976528251423126e-01,-9.310370522060976706e-01,-9.310370522061018894e-01,-8.738976528251345410e-01,-9.333623548792766567e-01,-7.897641286088306067e-01,-7.897641286088419310e-01,-9.333623548792843172e-01,-9.033314525575064646e-01,-7.716220397325787017e-01,-7.716220397325785907e-01,-9.033314525575047993e-01,-9.333623548792856495e-01,-7.897641286088312729e-01,-7.897641286088479262e-01,-9.333623548792862046e-01,-8.738976528251156672e-01,-9.310370522061058862e-01,-9.310370522061067744e-01,-8.738976528251141129e-01
-8.595606985017163471e-01,-8.435301937859527310e-01,-8.435301937859508437e-01,-8.595606985017080204e-01,-8.573580787175225648e-01,-6.649412775470215919e-01,-6.649412775470345816e-01,-8.573580787175322238e-01,-8.358374715166037028e-01,-6.964211738349618264e-01,-6.964211738349566083e-01,-8.358374715165948210e-01,-8.573580787175358875e-01,-6.649412775470167070e-01,-6.649412775470330272e-01,-8.573580787175368867e-01,-8.595606985016988055e-01,-8.435301937859747134e-01,-8.435301937859758237e-01,-8.595606985016988055e-01
-8.246464996654472301e-01,-7.871341169466559151e-01,-7.871341169466520293e-01,-8.246464996654400137e-01,-8.034195007180745529e-01,-7.209726752498690772e-01,-7.209726752498761826e-01,-8.034195007180834347e-01,-8.167332943593741401e-01,-8.039621364712452589e-01,-8.039621364712370433e-01,-8.167332943593597072e-01,-8.034195007180844339e-01,-7.209726752498558655e-01,-7.209726752498625268e-01,-8.034195007180841008e-01,-8.246464996654415680e-01,-7.871341169466741228e-01,-7.871341169466744558e-01,-8.246464996654421231e-01
-7.838079642485654697e-01,-7.887802322640905528e-01,-7.887802322640919961e-01,-7.838079642485616949e-01,-7.895880910693993116e-01,-8.779559746414424826e-01,-8.779559746414444810e-01,-7.895880910694089705e-01,-8.344368081743858134e-01,-9.479729140301957901e-01,-9.479729140301913493e-01,-8.344368081743716026e-01,-7.895880910694029753e-01,-8.779559746414296040e-01,-8.779559746414284938e-01,-7.895880910694019761e-01,-7.838079642485671350e-01,-7.887802322640906638e-01,-7.887802322640899977e-01,-7.838079642485671350e-01
-7.251014392032464340e-01,-8.014116115757992098e-01,-8.014116115758100900e-01,-7.251014392032449907e-01,-7.764871374052668695e-01,-9.647816240745988869e-01,-9.647816240745994421e-01,-7.764871374052765285e-01,-8.225937255834712136e-01,-9.546919806940254993e-01,-9.546919806940312725e-01,-8.225937255834645523e-01,-7.764871374052648711e-01,-9.647816240745963334e-01,-9.647816240745963334e-01,-7.764871374052650932e-01,-7.251014392032499867e-01,-8.014116115757792258e-01,-8.014116115757783376e-01,-7.251014392032502087e-01
-6.418800618242503919e-01,-7.899256778378198618e-01,-7.899256778378396238e-01,-6.418800618242466172e-01,-7.447428772272969288e-01,-9.225714348230030781e-01,-9.225714348230028561e-01,-7.447428772273043673e-01,-7.602300146910581091e-01,-8.033364589590681337e-01,-8.033364589590843430e-01,-7.602300146910608847e-01,-7.447428772272925990e-01,-9.225714348230139583e-01,-9.225714348230205086e-01,-7.447428772272937092e-01,-6.418800618242537226e-01,-7.899256778377869992e-01,-7.899256778377864441e-01,-6.418800618242541667e-01
-5.543442337333688297e-01,-7.696547249328522522e-01,-7.696547249328762330e-01,-5.543442337333598369e-01,-7.252425831878444029e-01,-8.221560841021319233e-01,-8.221560841021313681e-01,-7.252425831878466234e-01,-6.968297705611060655e-01,-6.175628107837229930e-01,-6.175628107837436431e-01,-6.968297705611139481e-01,-7.252425831878397400e-01,-8.221560841021542387e-01,-8.221560841021680055e-01,-7.252425831878387408e-01,-5.543442337333716052e-01,-7.696547249328197227e-01,-7.696547249328188345e-01,-5.543442337333720493e-01
-4.845870706011562445e-01,-7.702130149146586557e-01,-7.702130149146824145e-01,-4.845870706011410345e-01,-7.537413973618715124e-01,-7.768047573232903513e-01,-7.768047573232893521e-01,-7.537413973618675156e-01,-6.938346973842669518e-01,-5.615282041238696120e-01,-5.615282041238872646e-01,-6.938346973842721699e-01,-7.537413973618667384e-01,-7.768047573233127778e-01,-7.768047573233297642e-01,-7.537413973618606322e-01,-4.845870706011556894e-01,-7.702130149146355631e-01,-7.702130149146337867e-01,-4.845870706011549678e-01
-4.267244211499005568e-01,-7.912579313048349050e-01,-7.912579313048555552e-01,-4.267244211498801842e-01,-8.188793801539959727e-01,-8.142512687320799802e-01,-8.142512687320792031e-01,-8.188793801539886452e-01,-7.427501718570893585e-01,-6.604364764709064195e-01,-6.604364764709145241e-01,-7.427501718570875822e-01,-8.188793801539914208e-01,-8.142512687320906384e-01,-8.142512687321051823e-01,-8.188793801539793193e-01,-4.267244211498910644e-01,-7.912579313048240248e-01,-7.912579313048218044e-01,-4.267244211498887885e-01
-3.477048569333104355e-01,-7.977451676664344404e-01,-7.977451676664539804e-01,-3.477048569332862327e-01,-8.663719435304899630e-01,-8.629268194313617357e-01,-8.629268194313640672e-01,-8.663719435304838568e-01,-7.615338319168604153e-01,-7.998676924019895162e-01,-7.998676924019869627e-01,-7.615338319168534209e-01,-8.663719435304870764e-01,-8.629268194313592932e-01,-8.629268194313686191e-01,-8.663719435304719774e-01,-3.477048569332888972e-01,-7.977451676664384372e-01,-7.977451676664365499e-01,-3.477048569332864547e-01
-2.250978305716481165e-01,-7.661724840533187253e-01,-7.661724840533405967e-01,-2.250978305716205274e-01,-8.588547306655918145e-01,-8.726713287383152107e-01,-8.726713287383205397e-01,-8.588547306655910374e-01,-6.842991643883722386e-01,-8.791222516335631676e-01,-8.791222516335532866e-01,-6.842991643883651331e-01,-8.588547306655933689e-01,-8.726713287383049966e-01,-8.726713287383089934e-01,-8.588547306655800462e-01,-2.250978305716140604e-01,-7.661724840533394865e-01,-7.661724840533387093e-01,-2.250978305716149208e-01
-7.969140076737898926e-02,-7.139338531109239439e-01,-7.139338531109499231e-01,-7.969140076734959610e-02,-8.117291477776822362e-01,-8.549192921828555614e-01,-8.549192921828625558e-01,-8.117291477776888975e-01,-5.123080138658048233e-01,-8.712330711774908254e-01,-8.712330711774800562e-01,-5.123080138658008265e-01,-8.117291477776901187e-01,-8.549192921828427938e-01,-8.549192921828440150e-01,-8.117291477776831243e-01,-7.969140076733405298e-02,-7.139338531109600261e-01,-7.139338531109613584e-01,-7.969140076734014533e-02
3.839265825898435791e-02,-6.786564061151962868e-01,-6.786564061152253746e-01,3.839265825901544416e-02,-7.722865886115789502e-01,-8.426418182828256942e-01,-8.426418182828333547e-01,-7.722865886115917178e-01,-3.042650828173257271e-01,-8.083262695818004273e-01,-8.083262695817932109e-01,-3.042650828173247834e-01,-7.722865886115927170e-01,-8.426418182828171455e-01,-8.426418182828170345e-01,-7.722865886115928280e-01,3.839265825903970253e-02,-6.786564061152418059e-01,-6.786564061152442484e-01,3.839265825902989093e-02
9.442472622816731886e-02,-6.812016939792604475e-01,-6.812016939792894243e-01,9.442472622820077821e-02,-7.724204313660738563e-01,-8.588501464609261671e-01,-8.588501464609317182e-01,-7.724204313660882892e-01,-1.284564286497491825e-01,-7.444938347936514988e-01,-7.444938347936485012e-01,-1.284564286497478225e-01,-7.724204313660893995e-01,-8.588501464609242797e-01,-8.588501464609232805e-01,-7.724204313660938404e-01,9.442472622823147588e-02,-6.812016939793070769e-01,-6.812016939793081871e-01,9.442472622822353778e-02
9.962944990350923458e-02,-7.089385306337219195e-01,-7.089385306337475656e-01,9.962944990354724584e-02,-8.016511686906951928e-01,-8.941061787314736886e-01,-8.941061787314739107e-01,-8.016511686907088485e-01,-1.047568036718484440e-02,-7.043708820945520088e-01,-7.043708820945512317e-01,-1.047568036717914930e-02,-8.016511686907086265e-01,-8.941061787314754650e-01,-8.941061787314737996e-01,-8.016511686907137335e-01,9.962944990358146846e-02,-7.089385306337634418e-01,-7.089385306337605552e-01,9.962944990358177377e-02
1.005499227118968331e-01,-7.306269551363034909e-01,-7.306269551363246961e-01,1.005499227119418804e-01,-8.314410320714988867e-01,-9.155095564636672734e-01,-9.155095564636638317e-01,-8.314410320715125424e-01,6.392983543570888993e-02,-6.825545366737639785e-01,-6.825545366737643116e-01,6.392983543572103300e-02,-8.314410320715099889e-01,-9.155095564636694938e-01,-9.155095564636680505e-01,-8.314410320715147629e-01,1.005499227119769634e-01,-7.306269551363396841e-01,-7.306269551363324677e-01,1.005499227119878297e-01
1.425282990679346828e-01,-7.221034752315844685e-01,-7.221034752316046745e-01,1.425282990679858919e-01,-8.477158116799843324e-01,-9.081619874493495059e-01,-9.081619874493493949e-01,-8.477158116799988763e-01,1.149017423903132412e-01,-6.736059285004557529e-01,-6.736059285004567521e-01,1.149017423903321844e-01,-8.477158116799952126e-01,-9.081619874493498390e-01,-9.081619874493518374e-01,-8.477158116799999865e-01,1.425282990680200590e-01,-7.221034752316206617e-01,-7.221034752316111138e-01,1.425282990680377671e-01
2.329165372176311699e-01,-6.845627843701149740e-01,-6.845627843701391768e-01,2.329165372176856263e-01,-8.522224680376879746e-01,-8.856807838230774665e-01,-8.856807838230853491e-01,-8.522224680377022965e-01,1.542500980452108927e-01,-6.767034960621642892e-01,-6.767034960621667317e-01,1.542500980452360115e-01,-8.522224680376987438e-01,-8.856807838230750241e-01,-8.856807838230822405e-01,-8.522224680377041839e-01,2.329165372177166293e-01,-6.845627843701570514e-01,-6.845627843701488358e-01,2.329165372177341431e-01
3.242826133006317946e-01,-6.481165933524601908e-01,-6.481165933524927203e-01,3.242826133006836420e-01,-8.543944167736768902e-01,-8.731123957384443468e-01,-8.731123957384587797e-01,-8.543944167736893247e-01,1.851034259765261814e-01,-6.925421539424035933e-01,-6.925421539424074791e-01,1.851034259765584888e-01,-8.543944167736859940e-01,-8.731123957384396839e-01,-8.731123957384512302e-01,-8.543944167736921003e-01,3.242826133007059575e-01,-6.481165933525129264e-01,-6.481165933525079303e-01,3.242826133007183365e-01
3.583273506048313961e-01,-6.443342666577781541e-01,-6.443342666578165678e-01,3.583273506048801904e-01,-8.598908818247757990e-01,-8.785865290601124755e-01,-8.785865290601271305e-01,-8.598908818247843477e-01,2.176536282976840597e-01,-7.200289085469901984e-01,-7.200289085469956385e-01,2.176536282977242776e-01,-8.598908818247819053e-01,-8.785865290601083677e-01,-8.785865290601191369e-01,-8.598908818247870123e-01,3.583273506048899604e-01,-6.443342666578384392e-01,-6.443342666578368849e-01,3.583273506048974544e-01
3.405565103811653560e-01,-6.693173505455649597e-01,-6.693173505456029293e-01,3.405565103812160932e-01,-8.630899437395589402e-01,-8.849302779824328447e-01,-8.849302779824426146e-01,-8.630899437395647134e-01,2.777845547557694639e-01,-7.483289672685564664e-01,-7.483289672685646821e-01,2.777845547558135397e-01,-8.630899437395626039e-01,-8.849302779824310683e-01,-8.849302779824372855e-01,-8.630899437395663787e-01,3.405565103812205896e-01,-6.693173505456223582e-01,-6.693173505456231354e-01,3.405565103812278061e-01
3.346699283688968074e-01,-6.903255646443654525e-01,-6.903255646444009797e-01,3.346699283689518190e-01,-8.607272245335366723e-01,-8.723882734328446409e-01,-8.723882734328485267e-01,-8.607272245335416683e-01,3.654558572709324382e-01,-7.667968879958062534e-01,-7.667968879958190209e-01,3.654558572709726283e-01,-8.607272245335407801e-01,-8.723882734328447519e-01,-8.723882734328475275e-01,-8.607272245335433336e-01,3.346699283689642535e-01,-6.903255646444133031e-01,-6.903255646444145244e-01,3.346699283689751336e-01
3.782642021147660794e-01,-6.891569313150351928e-01,-6.891569313150711640e-01,3.782642021148195921e-01,-8.572320941452469256e-01,-8.405911311386153884e-01,-8.405911311386162765e-01,-8.572320941452528098e-01,4.344158166987631131e-01,-7.821174750882304849e-01,-7.821174750882480264e-01,4.344158166987944769e-01,-8.572320941452532539e-01,-8.405911311386182749e-01,-8.405911311386221607e-01,-8.572320941452559184e-01,3.782642021148424627e-01,-6.891569313150767151e-01,-6.891569313150777143e-01,3.782642021148569511e-01
4.402270983617940781e-01,-6.823404988170795882e-01,-6.823404988171180019e-01,4.402270983618404299e-01,-8.563276108959754218e-01,-8.189952500373085531e-01,-8.189952500373098854e-01,-8.563276108959823052e-01,4.521839443407842940e-01,-8.060017167149640116e-01,-8.060017167149834405e-01,4.521839443408123826e-01,-8.563276108959831934e-01,-8.189952500373136601e-01,-8.189952500373223199e-01,-8.563276108959867461e-01,4.402270983618624678e-01,-6.823404988171209995e-01,-6.823404988171212215e-01,4.402270983618771227e-01
4.808742842522762406e-01,-6.891125939640933007e-01,-6.891125939641327136e-01,4.808742842523180960e-01,-8.573296520067041904e-01,-8.256232631332575123e-01,-8.256232631332596217e-01,-8.573296520067112958e-01,4.488325378578474911e-01,-8.311710840519920263e-01,-8.311710840520106780e-01,4.488325378578815750e-01,-8.573296520067118509e-01,-8.256232631332619532e-01,-8.256232631332738325e-01,-8.573296520067164028e-01,4.808742842523318073e-01,-6.891125939641338238e-01,-6.891125939641346010e-01,4.808742842523432981e-01
5.062473555470532460e-01,-7.030290277816892974e-01,-7.030290277817281552e-01,5.062473555470956565e-01,-8.537308998601698118e-01,-8.354359679298971608e-01,-8.354359679298979380e-01,-8.537308998601780274e-01,4.644723705565737548e-01,-8.447674945018528447e-01,-8.447674945018706083e-01,4.644723705566162764e-01,-8.537308998601761401e-01,-8.354359679298963837e-01,-8.354359679299070418e-01,-8.537308998601819132e-01,5.062473555470999864e-01,-7.030290277817250466e-01,-7.030290277817273781e-01,5.062473555471088682e-01
5.230913172413097501e-01,-7.154004218961197425e-01,-7.154004218961570460e-01,5.230913172413514944e-01,-8.430848270550326262e-01,-8.131779057147772161e-01,-8.131779057147749956e-01,-8.430848270550423962e-01,4.915465070606154785e-01,-8.511855725929010630e-01,-8.511855725929182714e-01,4.915465070606610531e-01,-8.430848270550372892e-01,-8.131779057147698886e-01,-8.131779057147763279e-01,-8.430848270550450607e-01,5.230913172413466095e-01,-7.154004218961522721e-01,-7.154004218961556028e-01,5.230913172413567125e-01
5.255584263721151395e-01,-7.307468890968341624e-01,-7.307468890968680242e-01,5.255584263721517768e-01,-8.320172615284342488e-01,-7.530360860682514534e-01,-7.530360860682491220e-01,-8.320172615284454620e-01,5.165529811529561144e-01,-8.580993941624932564e-01,-8.580993941625082444e-01,5.165529811529994131e-01,-8.320172615284363582e-01,-7.530360860682412394e-01,-7.530360860682445701e-01,-8.320172615284473494e-01,5.255584263721472249e-01,-7.307468890968644715e-01,-7.307468890968680242e-01,5.255584263721612137e-01
5.371504646246673120e-01,-7.465403039053584155e-01,-7.465403039053871703e-01,5.371504646246973991e-01,-8.262450401274441525e-01,-6.786023083653471843e-01,-6.786023083653486276e-01,-8.262450401274563649e-01,5.422306320701874016e-01,-8.626256436025124819e-01,-8.626256436025251384e-01,5.422306320702234839e-01,-8.262450401274448186e-01,-6.786023083653407451e-01,-6.786023083653440757e-01,-8.262450401274572531e-01,5.371504646247016179e-01,-7.465403039053832845e-01,-7.465403039053861711e-01,5.371504646247161618e-01
5.646658037763299109e-01,-7.547252209707547843e-01,-7.547252209707790982e-01,5.646658037763561122e-01,-8.261494187435882708e-01,-6.219508973037670696e-01,-6.219508973037733979e-01,-8.261494187436003722e-01,5.551979107057527507e-01,-8.629959853078228438e-01,-8.629959853078328358e-01,5.551979107057807283e-01,-8.261494187435880487e-01,-6.219508973037710664e-01,-6.219508973037757293e-01,-8.261494187436004832e-01,5.646658037763573335e-01,-7.547252209707738801e-01,-7.547252209707774329e-01,5.646658037763678806e-01
5.684046526348924822e-01,-7.577861845423965459e-01,-7.577861845424167520e-01,5.684046526349153527e-01,-8.312338499323230767e-01,-6.056687136664280491e-01,-6.056687136664398174e-01,-8.312338499323339569e-01,5.490645609672553107e-01,-8.634561892968590779e-01,-8.634561892968650731e-01,5.490645609672788474e-01,-8.312338499323225216e-01,-6.056687136664458126e-01,-6.056687136664516968e-01,-8.312338499323334018e-01,5.684046526349058048e-01,-7.577861845424123111e-01,-7.577861845424161968e-01,5.684046526349154638e-01
5.614198703916934985e-01,-7.569762679001145189e-01,-7.569762679001302841e-01,5.614198703917121502e-01,-8.388020310957128300e-01,-6.286242616206392242e-01,-6.286242616206547673e-01,-8.388020310957233772e-01,5.436959619622961926e-01,-8.614812318488811460e-01,-8.614812318488838105e-01,5.436959619623128459e-01,-8.388020310957129411e-01,-6.286242616206667577e-01,-6.286242616206746403e-01,-8.388020310957217118e-01,5.614198703917082645e-01,-7.569762679001272865e-01,-7.569762679001312833e-01,5.614198703917193667e-01
5.702533230154297472e-01,-7.532558589323952170e-01,-7.532558589324086507e-01,5.702533230154466226e-01,-8.438247857519226569e-01,-6.691451662426306513e-01,-6.691451662426438629e-01,-8.438247857519332040e-01,5.327600235040834686e-01,-8.554998540920625283e-01,-8.554998540920644157e-01,5.327600235040909071e-01,-8.438247857519233230e-01,-6.691451662426586289e-01,-6.691451662426658453e-01,-8.438247857519299844e-01,5.702533230154513966e-01,-7.532558589324063192e-01,-7.532558589324103160e-01,5.702533230154628319e-01
5.706316274571127112e-01,-7.527582510353767464e-01,-7.527582510353905132e-01,5.706316274571294755e-01,-8.433798843891225916e-01,-6.994388051821536223e-01,-6.994388051821592844e-01,-8.433798843891334718e-01,5.189305102618542165e-01,-8.476742286293392770e-01,-8.476742286293403872e-01,5.189305102618614329e-01,-8.433798843891234798e-01,-6.994388051821747165e-01,-6.994388051821780472e-01,-8.433798843891288088e-01,5.706316274571323621e-01,-7.527582510353871825e-01,-7.527582510353920675e-01,5.706316274571454628e-01
5.710092836402259620e-01,-7.508859054183542048e-01,-7.508859054183680826e-01,5.710092836402375083e-01,-8.417874926963553328e-01,-7.022337292683937804e-01,-7.022337292683903387e-01,-8.417874926963664350e-01,5.280341524808569442e-01,-8.369027766300656257e-01,-8.369027766300659588e-01,5.280341524808688236e-01,-8.417874926963563320e-01,-7.022337292684039944e-01,-7.022337292684013299e-01,-8.417874926963611060e-01,5.710092836402431704e-01,-7.508859054183643078e-01,-7.508859054183696369e-01,5.710092836402553829e-01
5.830178485563526358e-01,-7.444421681806826507e-01,-7.444421681806953073e-01,5.830178485563592972e-01,-8.422396993475425031e-01,-6.860472105013872834e-01,-6.860472105013772914e-01,-8.422396993475534943e-01,5.373428327094605939e-01,-8.249213479533703541e-01,-8.249213479533720195e-01,5.373428327094745827e-01,-8.422396993475431692e-01,-6.860472105013863953e-01,-6.860472105013784017e-01,-8.422396993475484983e-01,5.830178485563679569e-01,-7.444421681806943081e-01,-7.444421681807005253e-01,5.830178485563758395e-01
5.633806740486823061e-01,-7.401756450316561153e-01,-7.401756450316684388e-01,5.633806740486929643e-01,-8.462142136579452467e-01,-6.667823983677294564e-01,-6.667823983677154676e-01,-8.462142136579567930e-01,5.213747478011845349e-01,-8.143379514258333174e-01,-8.143379514258385354e-01,5.213747478012030756e-01,-8.462142136579462459e-01,-6.667823983677195754e-01,-6.667823983677094724e-01,-8.462142136579520191e-01,5.633806740486954068e-01,-7.401756450316712144e-01,-7.401756450316772096e-01,5.633806740487035114e-01
5.262933075705495956e-01,-7.323043092873076088e-01,-7.323043092873220417e-01,5.262933075705651387e-01,-8.527297634299704221e-01,-6.541877709906978033e-01,-6.541877709906822602e-01,-8.527297634299816353e-01,5.049770073670238890e-01,-8.041390691415550851e-01,-8.041390691415648551e-01,5.049770073670476478e-01,-8.527297634299717544e-01,-6.541877709906849248e-01,-6.541877709906755989e-01,-8.527297634299775275e-01,5.262933075705733543e-01,-7.323043092873257054e-01,-7.323043092873313675e-01,5.262933075705833463e-01
5.244742575543145380e-01,-7.156809764701643761e-01,-7.156809764701804744e-01,5.244742575543296370e-01,-8.564798033191687310e-01,-6.621864271704543947e-01,-6.621864271704405169e-01,-8.564798033191798332e-01,4.949647071433947998e-01,-7.976738043126225808e-01,-7.976738043126380129e-01,4.949647071434204459e-01,-8.564798033191696192e-01,-6.621864271704461791e-01,-6.621864271704397398e-01,-8.564798033191760585e-01,5.244742575543483998e-01,-7.156809764701870247e-01,-7.156809764701922427e-01,5.244742575543572816e-01
5.259211721848436882e-01,-7.038344942323346842e-01,-7.038344942323518927e-01,5.259211721848586762e-01,-8.548208864516099181e-01,-6.910255556504502072e-01,-6.910255556504396601e-01,-8.548208864516206873e-01,4.885984099439255046e-01,-7.987798956529361671e-01,-7.987798956529571504e-01,4.885984099439569239e-01,-8.548208864516089189e-01,-6.910255556504503183e-01,-6.910255556504473207e-01,-8.548208864516162464e-01,5.259211721848753296e-01,-7.038344942323628839e-01,-7.038344942323669917e-01,5.259211721848846555e-01
5.102330203832625699e-01,-7.009622529049588380e-01,-7.009622529049788220e-01,5.102330203832786681e-01,-8.491236743402063025e-01,-7.257997756878779017e-01,-7.257997756878712403e-01,-8.491236743402171827e-01,5.065665814046149684e-01,-8.032901526435938244e-01,-8.032901526436206918e-01,5.065665814046536042e-01,-8.491236743402037490e-01,-7.257997756878860063e-01,-7.257997756878853401e-01,-8.491236743402122977e-01,5.102330203832960986e-01,-7.009622529049883699e-01,-7.009622529049922557e-01,5.102330203833050914e-01
5.165087534447975193e-01,-6.956135254705408943e-01,-6.956135254705628768e-01,5.165087534448168372e-01,-8.396962751792225177e-01,-7.522017463439765184e-01,-7.522017463439730767e-01,-8.396962751792342861e-01,5.176774928348659710e-01,-8.099402740510930343e-01,-8.099402740511248977e-01,5.176774928349032745e-01,-8.396962751792205193e-01,-7.522017463439878426e-01,-7.522017463439886198e-01,-8.396962751792302893e-01,5.165087534448369322e-01,-6.956135254705704263e-01,-6.956135254705753113e-01,5.165087534448420392e-01
5.117598178594533476e-01,-6.920190633355995935e-01,-6.920190633356205767e-01,5.117598178594785496e-01,-8.301036812273343557e-01,-7.547518080692359188e-01,-7.547518080692336984e-01,-8.301036812273464571e-01,4.878013723137202273e-01,-8.223474634144783968e-01,-8.223474634145095941e-01,4.878013723137609725e-01,-8.301036812273339116e-01,-7.547518080692425801e-01,-7.547518080692442455e-01,-8.301036812273453469e-01,5.117598178594899849e-01,-6.920190633356297916e-01,-6.920190633356340104e-01,5.117598178594969793e-01
4.773797705713631601e-01,-6.941705872256447307e-01,-6.941705872256673793e-01,4.773797705713881956e-01,-8.238220871805957968e-01,-7.216371377399493081e-01,-7.216371377399456444e-01,-8.238220871806075651e-01,4.752203636278441445e-01,-8.334959113358153537e-01,-8.334959113358438865e-01,4.752203636278987675e-01,-8.238220871805967960e-01,-7.216371377399437570e-01,-7.216371377399455334e-01,-8.238220871806085643e-01,4.773797705714032391e-01,-6.941705872256725973e-01,-6.941705872256775933e-01,4.773797705714153961e-01
4.905837419115329223e-01,-6.882067518700298869e-01,-6.882067518700569764e-01,4.905837419115542386e-01,-8.189878135214881949e-01,-6.689834129409996111e-01,-6.689834129409945040e-01,-8.189878135214987420e-01,4.946657065682685817e-01,-8.421683813688829456e-01,-8.421683813689118114e-01,4.946657065683271459e-01,-8.189878135214874177e-01,-6.689834129409820695e-01,-6.689834129409866215e-01,-8.189878135214985200e-01,4.905837419115792741e-01,-6.882067518700554221e-01,-6.882067518700638598e-01,4.905837419115898212e-01
5.279656876710744351e-01,-6.825446600507034667e-01,-6.825446600507322215e-01,5.279656876710995261e-01,-8.138752651118899006e-01,-6.324574954432646834e-01,-6.324574954432627960e-01,-8.138752651118998926e-01,5.028491038509196320e-01,-8.510098995664059363e-01,-8.510098995664336918e-01,5.028491038509705913e-01,-8.138752651118852377e-01,-6.324574954432421459e-01,-6.324574954432534701e-01,-8.138752651118967840e-01,5.279656876711076308e-01,-6.825446600507314443e-01,-6.825446600507422135e-01,5.279656876711161795e-01
5.075032042136294885e-01,-6.913098127157919492e-01,-6.913098127158197048e-01,5.075032042136566890e-01,-8.104522397634960074e-01,-6.336655364658638767e-01,-6.336655364658686507e-01,-8.104522397635054443e-01,5.141756356591178356e-01,-8.539255945897799016e-01,-8.539255945898041045e-01,5.141756356591631327e-01,-8.104522397634870146e-01,-6.336655364658432266e-01,-6.336655364658626555e-01,-8.104522397635003372e-01,5.075032042136520261e-01,-6.913098127158199269e-01,-6.913098127158306960e-01,5.075032042136625732e-01
4.845405645247814475e-01,-6.979593056959505493e-01,-6.979593056959777497e-01,4.845405645248043736e-01,-8.117696989249378881e-01,-6.641740850290330789e-01,-6.641740850290447362e-01,-8.117696989249461037e-01,5.140263172487133936e-01,-8.551558813674434711e-01,-8.551558813674657866e-01,5.140263172487499199e-01,-8.117696989249267858e-01,-6.641740850290208664e-01,-6.641740850290454024e-01,-8.117696989249424400e-01,4.845405645248150872e-01,-6.979593056959740860e-01,-6.979593056959854103e-01,4.845405645248265225e-01
5.096837683934539731e-01,-6.979260506839271017e-01,-6.979260506839516376e-01,5.096837683934788421e-01,-8.196801591703943846e-01,-7.014119354044963117e-01,-7.014119354045105226e-01,-8.196801591704006018e-01,4.652613498118278734e-01,-8.611554291996559307e-01,-8.611554291996751376e-01,4.652613498118565727e-01,-8.196801591703849477e-01,-7.014119354044995314e-01,-7.014119354045225130e-01,-8.196801591704012679e-01,5.096837683934889451e-01,-6.979260506839485290e-01,-6.979260506839604083e-01,5.096837683935055985e-01
5.322390235108905854e-01,-7.059522028371085778e-01,-7.059522028371303382e-01,5.322390235109163426e-01,-8.306394207596610180e-01,-7.236327714183805604e-01,-7.236327714183938831e-01,-8.306394207596642376e-01,4.373742988209187166e-01,-8.627621420245354944e-01,-8.627621420245462636e-01,4.373742988209478599e-01,-8.306394207596552448e-01,-7.236327714183989901e-01,-7.236327714184151993e-01,-8.306394207596693446e-01,5.322390235109086820e-01,-7.059522028371285618e-01,-7.059522028371403302e-01,5.322390235109306644e-01
5.370930277557510735e-01,-7.177759335755846681e-01,-7.177759335756055403e-01,5.370930277557667276e-01,-8.368326233788411228e-01,-7.138790336466022124e-01,-7.138790336466136477e-01,-8.368326233788434543e-01,4.768223960708691811e-01,-8.567152250106284672e-01,-8.567152250106313538e-01,4.768223960708951048e-01,-8.368326233788392354e-01,-7.138790336466253050e-01,-7.138790336466327435e-01,-8.368326233788492274e-01,5.370930277557605104e-01,-7.177759335755971026e-01,-7.177759335756112025e-01,5.370930277557779409e-01
5.485877186730164778e-01,-7.258801779821810740e-01,-7.258801779822009470e-01,5.485877186730254707e-01,-8.361852017097269885e-01,-6.762747380954428067e-01,-6.762747380954514664e-01,-8.361852017097313183e-01,5.121075211141543626e-01,-8.522650331508417887e-01,-8.522650331508424548e-01,5.121075211141701278e-01,-8.361852017097257672e-01,-6.762747380954605703e-01,-6.762747380954583498e-01,-8.361852017097348710e-01,5.485877186730259147e-01,-7.258801779821868472e-01,-7.258801779822043887e-01,5.485877186730403476e-01
5.588162454991015826e-01,-7.361449894317562137e-01,-7.361449894317745324e-01,5.588162454991127959e-01,-8.323978490820169718e-01,-6.403272188596260683e-01,-6.403272188596302872e-01,-8.323978490820260756e-01,5.230579322247255192e-01,-8.502556953446427368e-01,-8.502556953446429588e-01,5.230579322247377316e-01,-8.323978490820158616e-01,-6.403272188596363934e-01,-6.403272188596247361e-01,-8.323978490820271858e-01,5.588162454991087991e-01,-7.361449894317595444e-01,-7.361449894317793063e-01,5.588162454991290051e-01
5.663691618874959754e-01,-7.473053227263936060e-01,-7.473053227264100373e-01,5.663691618875072997e-01,-8.299672187081745811e-01,-6.309808567809587210e-01,-6.309808567809579438e-01,-8.299672187081883479e-01,5.360421661789855907e-01,-8.500743115337088263e-01,-8.500743115337077160e-01,5.360421661790006898e-01,-8.299672187081745811e-01,-6.309808567809640500e-01,-6.309808567809440660e-01,-8.299672187081886809e-01,5.663691618875045242e-01,-7.473053227263948273e-01,-7.473053227264148113e-01,5.663691618875251743e-01
5.855650617349407172e-01,-7.524039725603699491e-01,-7.524039725603843820e-01,5.855650617349507092e-01,-8.323389251427344426e-01,-6.498172986985127908e-01,-6.498172986985063515e-01,-8.323389251427507629e-01,5.239697219420773600e-01,-8.542674484863197470e-01,-8.542674484863184148e-01,5.239697219420933472e-01,-8.323389251427357749e-01,-6.498172986985164545e-01,-6.498172986984916966e-01,-8.323389251427524282e-01,5.855650617349482667e-01,-7.524039725603687279e-01,-7.524039725603878237e-01,5.855650617349630327e-01
5.949854127757310263e-01,-7.552834872167084601e-01,-7.552834872167218938e-01,5.949854127757426836e-01,-8.383416049845197060e-01,-6.804544771986231755e-01,-6.804544771986120733e-01,-8.383416049845355822e-01,4.982654489490715433e-01,-8.546351766107087577e-01,-8.546351766107085357e-01,4.982654489490879191e-01,-8.383416049845213713e-01,-6.804544771986300589e-01,-6.804544771986041907e-01,-8.383416049845384688e-01,5.949854127757332467e-01,-7.552834872167095703e-01,-7.552834872167265567e-01,5.949854127757485678e-01
5.892857821960568732e-01,-7.600050260636241894e-01,-7.600050260636381783e-01,5.892857821960690856e-01,-8.410295762456571067e-01,-7.008217147478199571e-01,-7.008217147478057463e-01,-8.410295762456709845e-01,5.017543549697280891e-01,-8.468639805538671350e-01,-8.468639805538673571e-01,5.017543549697410787e-01,-8.410295762456595492e-01,-7.008217147478333908e-01,-7.008217147478091880e-01,-8.410295762456748703e-01,5.892857821960657549e-01,-7.600050260636318500e-01,-7.600050260636440624e-01,5.892857821960811870e-01
5.930470073257431141e-01,-7.636192933379898351e-01,-7.636192933380054892e-01,5.930470073257566588e-01,-8.360779899667371007e-01,-6.963057026605752320e-01,-6.963057026605574684e-01,-8.360779899667483139e-01,5.066408728895660518e-01,-8.434349088617059120e-01,-8.434349088617056900e-01,5.066408728895716029e-01,-8.360779899667392101e-01,-6.963057026605925515e-01,-6.963057026605725675e-01,-8.360779899667526438e-01,5.930470073257636532e-01,-7.636192933380031578e-01,-7.636192933380101522e-01,5.930470073257736452e-01
5.927574200587508724e-01,-7.662374468980771569e-01,-7.662374468980959197e-01,5.927574200587698572e-01,-8.284206868720838113e-01,-6.692819927716233686e-01,-6.692819927716032735e-01,-8.284206868720918049e-01,4.975380103845835622e-01,-8.466755803836933936e-01,-8.466755803836918393e-01,4.975380103845900570e-01,-8.284206868720838113e-01,-6.692819927716401329e-01,-6.692819927716255890e-01,-8.284206868720952466e-01,5.927574200587719666e-01,-7.662374468980943654e-01,-7.662374468980992503e-01,5.927574200587821807e-01
5.773723628343234715e-01,-7.655532842902342816e-01,-7.655532842902591506e-01,5.773723628343441217e-01,-8.254902668560493151e-01,-6.355147633648929872e-01,-6.355147633648732253e-01,-8.254902668560538670e-01,5.044118156536384623e-01,-8.467662408049236866e-01,-8.467662408049221323e-01,5.044118156536536723e-01,-8.254902668560468726e-01,-6.355147633649053107e-01,-6.355147633648945416e-01,-8.254902668560557544e-01,5.773723628343485625e-01,-7.655532842902561530e-01,-7.655532842902614821e-01,5.773723628343613301e-01
5.727407659043122212e-01,-7.580379068700355827e-01,-7.580379068700661138e-01,5.727407659043329824e-01,-8.275888038116255840e-01,-6.137567901887515109e-01,-6.137567901887355237e-01,-8.275888038116276935e-01,5.131778104336414126e-01,-8.470601636221513075e-01,-8.470601636221530839e-01,5.131778104336603974e-01,-8.275888038116218093e-01,-6.137567901887572841e-01,-6.137567901887507338e-01,-8.275888038116281376e-01,5.727407659043474153e-01,-7.580379068700618950e-01,-7.580379068700693335e-01,5.727407659043544097e-01
5.658032092263759472e-01,-7.482574302330836646e-01,-7.482574302331165272e-01,5.658032092264051460e-01,-8.314983126414438042e-01,-6.207313279103786607e-01,-6.207313279103696679e-01,-8.314983126414453585e-01,5.046968112167589116e-01,-8.549524533781787117e-01,-8.549524533781824864e-01,5.046968112167796727e-01,-8.314983126414418058e-01,-6.207313279103756631e-01,-6.207313279103758852e-01,-8.314983126414462467e-01,5.658032092264120294e-01,-7.482574302331113092e-01,-7.482574302331207461e-01,5.658032092264133617e-01
5.383287077576537349e-01,-7.350594038463936775e-01,-7.350594038464279834e-01,5.383287077576901503e-01,-8.338975318857678731e-01,-6.559248063586251565e-01,-6.559248063586247124e-01,-8.338975318857696495e-01,5.082710769755192093e-01,-8.641664834798703509e-01,-8.641664834798742367e-01,5.082710769755397484e-01,-8.338975318857687613e-01,-6.559248063586111677e-01,-6.559248063586191613e-01,-8.338975318857723140e-01,5.383287077576937030e-01,-7.350594038464215441e-01,-7.350594038464306479e-01,5.383287077576967006e-01
5.225915038362904941e-01,-7.180434953685803645e-01,-7.180434953686164468e-01,5.225915038363259102e-01,-8.327359319214137079e-01,-7.009373802712526302e-01,-7.009373802712599577e-01,-8.327359319214163724e-01,5.251087468579953565e-01,-8.673971345397144539e-01,-8.673971345397171184e-01,5.251087468580106776e-01,-8.327359319214184818e-01,-7.009373802712324242e-01,-7.009373802712453028e-01,-8.327359319214213684e-01,5.225915038363402321e-01,-7.180434953686133381e-01,-7.180434953686195554e-01,5.225915038363477816e-01
5.326015529656358272e-01,-7.057570651968065878e-01,-7.057570651968436692e-01,5.326015529656724645e-01,-8.285053691971711043e-01,-7.389547514722669685e-01,-7.389547514722786259e-01,-8.285053691971746570e-01,5.291742371130722100e-01,-8.659223869870179557e-01,-8.659223869870187329e-01,5.291742371130856437e-01,-8.285053691971803191e-01,-7.389547514722509813e-01,-7.389547514722644150e-01,-8.285053691971817624e-01,5.326015529656830116e-01,-7.057570651968447795e-01,-7.057570651968498865e-01,5.326015529656945580e-01
5.385660115221200250e-01,-6.981345477280032075e-01,-6.981345477280433975e-01,5.385660115221603261e-01,-8.249096860475149118e-01,-7.554480186354626259e-01,-7.554480186354752824e-01,-8.249096860475194637e-01,5.288639407190387498e-01,-8.620280380021994038e-01,-8.620280380021982936e-01,5.288639407190507402e-01,-8.249096860475286785e-01,-7.554480186354554094e-01,-7.554480186354673998e-01,-8.249096860475277904e-01,5.385660115221607702e-01,-6.981345477280408440e-01,-6.981345477280507250e-01,5.385660115221719835e-01
5.230848638107812310e-01,-6.950761338765858444e-01,-6.950761338766300312e-01,5.230848638108198667e-01,-8.254823566748856756e-01,-7.403881276405701595e-01,-7.403881276405811507e-01,-8.254823566748910046e-01,5.270372480721601249e-01,-8.558411796745980515e-01,-8.558411796745958311e-01,5.270372480721626784e-01,-8.254823566749004415e-01,-7.403881276405668288e-01,-7.403881276405779310e-01,-8.254823566748986652e-01,5.230848638108265281e-01,-6.950761338766213715e-01,-6.950761338766373587e-01,5.230848638108327453e-01
5.007972947082859339e-01,-7.006851059326930642e-01,-7.006851059327364739e-01,5.007972947083227933e-01,-8.291270534771100209e-01,-6.965519829041009192e-01,-6.965519829041036948e-01,-8.291270534771155720e-01,5.081551640601507103e-01,-8.489017048422000666e-01,-8.489017048421980682e-01,5.081551640601468245e-01,-8.291270534771226774e-01,-6.965519829040958122e-01,-6.965519829041060262e-01,-8.291270534771221223e-01,5.007972947083361159e-01,-7.006851059327262599e-01,-7.006851059327456888e-01,5.007972947083464410e-01
5.037166422291812218e-01,-7.041969202688023177e-01,-7.041969202688393992e-01,5.037166422292185253e-01,-8.311972865957808487e-01,-6.446999446728962635e-01,-6.446999446728831629e-01,-8.311972865957866219e-01,4.943304260585011933e-01,-8.415776210054026762e-01,-8.415776210054015660e-01,4.943304260585021370e-01,-8.311972865957897305e-01,-6.446999446728892691e-01,-6.446999446728937100e-01,-8.311972865957927281e-01,5.037166422292256307e-01,-7.041969202688299623e-01,-7.041969202688502794e-01,5.037166422292491674e-01
5.233229838191608696e-01,-7.018066609633778485e-01,-7.018066609634081576e-01,5.233229838191922889e-01,-8.288463667787522304e-01,-6.222786783887784834e-01,-6.222786783887466200e-01,-8.288463667787590028e-01,4.929401688724757702e-01,-8.356841681320115178e-01,-8.356841681320135162e-01,4.929401688724824870e-01,-8.288463667787581146e-01,-6.222786783887712669e-01,-6.222786783887657158e-01,-8.288463667787645539e-01,5.233229838191899574e-01,-7.018066609633990538e-01,-7.018066609634192599e-01,5.233229838192158256e-01
5.202002403776060380e-01,-7.059337101776392842e-01,-7.059337101776630430e-01,5.202002403776280204e-01,-8.242670298996110922e-01,-6.462387086970845518e-01,-6.462387086970414751e-01,-8.242670298996210843e-01,4.776821840784596929e-01,-8.354056984655957585e-01,-8.354056984656019758e-01,4.776821840784715167e-01,-8.242670298996171985e-01,-6.462387086970736716e-01,-6.462387086970600159e-01,-8.242670298996258582e-01,5.202002403776213590e-01,-7.059337101776567147e-01,-7.059337101776769208e-01,5.202002403776400108e-01
5.164696950980561807e-01,-7.146535872544331758e-01,-7.146535872544492740e-01,5.164696950980731671e-01,-8.211837921414655295e-01,-6.868541851672145260e-01,-6.868541851671723375e-01,-8.211837921414772978e-01,4.654947815087465135e-01,-8.369802920878428587e-01,-8.369802920878518515e-01,4.654947815087639440e-01,-8.211837921414717467e-01,-6.868541851671983167e-01,-6.868541851671812193e-01,-8.211837921414824049e-01,5.164696950980742773e-01,-7.146535872544470536e-01,-7.146535872544651502e-01,5.164696950980928181e-01
5.476796456291900261e-01,-7.202368925369161401e-01,-7.202368925369286856e-01,5.476796456292059023e-01,-8.229129396996545109e-01,-7.090206705958409517e-01,-7.090206705958086442e-01,-8.229129396996673895e-01,4.594256326226674458e-01,-8.398179823133666844e-01,-8.398179823133777866e-01,4.594256326226826559e-01,-8.229129396996596180e-01,-7.090206705958277400e-01,-7.090206705958096434e-01,-8.229129396996727186e-01,5.476796456292164494e-01,-7.202368925369260211e-01,-7.202368925369418973e-01,5.476796456292353232e-01
5.719126929446647356e-01,-7.278074569944359418e-01,-7.278074569944490424e-01,5.719126929446798346e-01,-8.279849336193347842e-01,-7.042551530504526092e-01,-7.042551530504332913e-01,-8.279849336193483289e-01,4.458819455703796897e-01,-8.431259969540938481e-01,-8.431259969541079480e-01,4.458819455703955659e-01,-8.279849336193378928e-01,-7.042551530504516100e-01,-7.042551530504340684e-01,-8.279849336193532139e-01,5.719126929446806118e-01,-7.278074569944438243e-01,-7.278074569944613659e-01,5.719126929446982643e-01
5.627656456058566237e-01,-7.431782488289779831e-01,-7.431782488289917499e-01,5.627656456058675039e-01,-8.325529068309094338e-01,-6.766707167293016800e-01,-6.766707167293009029e-01,-8.325529068309228675e-01,4.646483288133146372e-01,-8.386791148376131488e-01,-8.386791148376293581e-01,4.646483288133425593e-01,-8.325529068309102110e-01,-6.766707167293162239e-01,-6.766707167293009029e-01,-8.325529068309265313e-01,5.627656456058600654e-01,-7.431782488289859767e-01,-7.431782488290056277e-01,5.627656456058834911e-01
5.663355371905607338e-01,-7.610326692230523493e-01,-7.610326692230651169e-01,5.663355371905621771e-01,-8.349083500661658164e-01,-6.389081378868141092e-01,-6.389081378868345373e-01,-8.349083500661784729e-01,5.193546127165540316e-01,-8.302433942323279581e-01,-8.302433942323458327e-01,5.193546127165888926e-01,-8.349083500661649282e-01,-6.389081378868401995e-01,-6.389081378868315397e-01,-8.349083500661809154e-01,5.663355371905659519e-01,-7.610326692230580115e-01,-7.610326692230774404e-01,5.663355371905913760e-01
5.846602692759967912e-01,-7.717817099824243465e-01,-7.717817099824327842e-01,5.846602692759944597e-01,-8.355479264757423863e-01,-6.189512226404272344e-01,-6.189512226404628725e-01,-8.355479264757543767e-01,5.475745472179556206e-01,-8.291865558293995964e-01,-8.291865558294176930e-01,5.475745472179889273e-01,-8.355479264757421642e-01,-6.189512226404594308e-01,-6.189512226404602080e-01,-8.355479264757567082e-01,5.846602692760004549e-01,-7.717817099824280103e-01,-7.717817099824451077e-01,5.846602692760184405e-01
5.855718029749487075e-01,-7.755162376626317799e-01,-7.755162376626352216e-01,5.855718029749535924e-01,-8.357774308792006446e-01,-6.327015778698090731e-01,-6.327015778698490411e-01,-8.357774308792121909e-01,5.389034497399330936e-01,-8.307324688498206600e-01,-8.307324688498347598e-01,5.389034497399720625e-01,-8.357774308792037532e-01,-6.327015778698391602e-01,-6.327015778698470427e-01,-8.357774308792159657e-01,5.855718029749557019e-01,-7.755162376626363319e-01,-7.755162376626482112e-01,5.855718029749704678e-01
5.997074062622489432e-01,-7.770925845913794205e-01,-7.770925845913794205e-01,5.997074062622625990e-01,-8.371476741235654995e-01,-6.696357611180466796e-01,-6.696357611180830949e-01,-8.371476741235776009e-01,5.213780771527859459e-01,-8.284636533980451745e-01,-8.284636533980571649e-01,5.213780771528320201e-01,-8.371476741235728269e-01,-6.696357611180676628e-01,-6.696357611180796532e-01,-8.371476741235839292e-01,5.997074062622719248e-01,-7.770925845913849717e-01,-7.770925845913899677e-01,5.997074062622878010e-01
6.264099811924199734e-01,-7.776353484523479409e-01,-7.776353484523480519e-01,6.264099811924331851e-01,-8.401728238664250004e-01,-7.087745740859747734e-01,-7.087745740860034172e-01,-8.401728238664399884e-01,4.918492691140713968e-01,-8.274448030519360175e-01,-8.274448030519498953e-01,4.918492691141188033e-01,-8.401728238664354365e-01,-7.087745740859862087e-01,-7.087745740860016408e-01,-8.401728238664478710e-01,6.264099811924374039e-01,-7.776353484523534920e-01,-7.776353484523556014e-01,6.264099811924521699e-01
