-1.000000000000000000e+00,-1.000000000000000000e+00,-1.000000000000000000e+00,-1.000000000000000000e+00,-1.000000000000000000e+00,-1.000000000000000000e+00,-1.000000000000000000e+00,-1.000000000000000000e+00,-1.000000000000000000e+00,-1.000000000000000000e+00,-1.000000000000000000e+00
-9.092992623518850737e-01,-9.107339440603576808e-01,-9.107616179142365986e-01,-9.107644841201214536e-01,-9.107650151095898483e-01,-9.107651131228412522e-01,-9.107650151095899593e-01,-9.107644841201214536e-01,-9.107616179142363766e-01,-9.107339440603576808e-01,-9.092992623518848516e-01
-7.928631395825394002e-01,-8.072825466130815197e-01,-8.080879132306342250e-01,-8.081530794811749852e-01,-8.081663932722784605e-01,-8.081689852502788041e-01,-8.081663932722792376e-01,-8.081530794811747631e-01,-8.080879132306336698e-01,-8.072825466130811867e-01,-7.928631395825378458e-01
-8.486911760946160843e-01,-8.786726760766894184e-01,-8.808949652697888322e-01,-8.809872821377343621e-01,-8.810114330635626656e-01,-8.810170489115600745e-01,-8.810114330635639979e-01,-8.809872821377338070e-01,-8.808949652697876109e-01,-8.786726760766887523e-01,-8.486911760946126426e-01
-9.806512123950044124e-01,-9.943030032820959763e-01,-9.948719330962972895e-01,-9.948515634687022935e-01,-9.948537172943305862e-01,-9.948548390142568643e-01,-9.948537172943311413e-01,-9.948515634687021825e-01,-9.948719330962968455e-01,-9.943030032820959763e-01,-9.806512123950025250e-01
-9.693906889697110341e-01,-9.428993814592705469e-01,-9.424522772352157407e-01,-9.426679290370779674e-01,-9.426724947806411903e-01,-9.426707350053575851e-01,-9.426724947806396360e-01,-9.426679290370781894e-01,-9.424522772352171840e-01,-9.428993814592708800e-01,-9.693906889697135876e-01
-8.367105477912989420e-01,-8.105095084570345110e-01,-8.155540169534737371e-01,-8.163637472661258165e-01,-8.163972385439199897e-01,-8.164004245559068895e-01,-8.163972385439184354e-01,-8.163637472661258165e-01,-8.155540169534742923e-01,-8.105095084570338448e-01,-8.367105477913013845e-01
-8.001564868974075928e-01,-8.269412267609153044e-01,-8.379819587834764771e-01,-8.389703673266892814e-01,-8.389775816119910967e-01,-8.389811270004536858e-01,-8.389775816119912077e-01,-8.389703673266881712e-01,-8.379819587834738126e-01,-8.269412267609126399e-01,-8.001564868974042621e-01
-9.157793130375166957e-01,-9.634782949373026373e-01,-9.696268627235350435e-01,-9.697441652524351197e-01,-9.696826218662735197e-01,-9.696787441573884170e-01,-9.696826218662742969e-01,-9.697441652524337874e-01,-9.696268627235327120e-01,-9.634782949373008609e-01,-9.157793130375110335e-01
-9.983289423978642940e-01,-9.830606701407159642e-01,-9.799428087748417449e-01,-9.801987417238262612e-01,-9.802841447192833790e-01,-9.802902575927930906e-01,-9.802841447192826019e-01,-9.801987417238273714e-01,-9.799428087748436322e-01,-9.830606701407167414e-01,-9.983289423978641830e-01
-9.242319957544123943e-01,-8.450190675214688252e-01,-8.487590409547602910e-01,-8.511241995848130015e-01,-8.513903175858170691e-01,-8.513996236538116102e-01,-8.513903175858150707e-01,-8.511241995848148889e-01,-8.487590409547641768e-01,-8.450190675214686031e-01,-9.242319957544173903e-01
-8.151688306000237638e-01,-7.737643302554024771e-01,-7.965143355949697579e-01,-8.005535462302308947e-01,-8.006705041068578055e-01,-8.006439009870649492e-01,-8.006705041068566953e-01,-8.005535462302304506e-01,-7.965143355949697579e-01,-7.737643302553969260e-01,-8.151688306000248740e-01
-8.383981859948669291e-01,-8.857818874712408697e-01,-9.109223588553485573e-01,-9.131229441475996467e-01,-9.128254905279273856e-01,-9.127589211576292438e-01,-9.128254905279281628e-01,-9.131229441475979813e-01,-9.109223588553453377e-01,-8.857818874712334312e-01,-8.383981859948611559e-01
-9.528299753381713755e-01,-9.978607121037941230e-01,-9.996922648846520154e-01,-9.994071196837911453e-01,-9.993522781914869757e-01,-9.993516835543141408e-01,-9.993522781914870867e-01,-9.994071196837911453e-01,-9.996922648846519044e-01,-9.978607121037929018e-01,-9.528299753381656023e-01
-9.890659866988386062e-01,-9.250573358853699801e-01,-9.134913167582510152e-01,-9.162191704825526362e-01,-9.170728839728968795e-01,-9.171491994340341680e-01,-9.170728839728943260e-01,-9.162191704825547456e-01,-9.134913167582555671e-01,-9.250573358853750872e-01,-9.890659866988404936e-01
-9.038985997755475399e-01,-7.745701840524639170e-01,-7.878590402567883233e-01,-7.970760805750886080e-01,-7.981628615084220835e-01,-7.981393732905087690e-01,-7.981628615084181977e-01,-7.970760805750902733e-01,-7.878590402567919870e-01,-7.745701840524645831e-01,-9.038985997755539792e-01
-8.295258606516964228e-01,-7.776247385742607321e-01,-8.233116589800320018e-01,-8.337606338941124795e-01,-8.337530366207637211e-01,-8.335063785705030259e-01,-8.337530366207615007e-01,-8.337606338941123685e-01,-8.233116589800311136e-01,-7.776247385742518503e-01,-8.295258606516968669e-01
-8.692675720583499244e-01,-9.283447655862053782e-01,-9.630324629548558946e-01,-9.661966600509761527e-01,-9.653493854215484671e-01,-9.651297119085823217e-01,-9.653493854215486891e-01,-9.661966600509758196e-01,-9.630324629548536741e-01,-9.283447655861961634e-01,-8.692675720583419308e-01
-9.586782040536998561e-01,-9.971272361752450131e-01,-9.843341094665642999e-01,-9.835885116969769193e-01,-9.843170453341846260e-01,-9.844808136912858165e-01,-9.843170453341844039e-01,-9.835885116969773634e-01,-9.843341094665662983e-01,-9.971272361752467894e-01,-9.586782040536926397e-01
-9.754804969585719743e-01,-8.772792745518991353e-01,-8.478494374810945367e-01,-8.567237788694839207e-01,-8.598963895227001997e-01,-8.601945746365979861e-01,-8.598963895226969800e-01,-8.567237788694849199e-01,-8.478494374810990886e-01,-8.772792745519079061e-01,-9.754804969585746388e-01
-9.089328448694309337e-01,-7.415335369294084877e-01,-7.571461908961969467e-01,-7.795659753793349189e-01,-7.826441435160487181e-01,-7.824453934470074756e-01,-7.826441435160449434e-01,-7.795659753793353630e-01,-7.571461908961972798e-01,-7.415335369294093759e-01,-9.089328448694392604e-01
-8.577769811556710255e-01,-7.849797529442246180e-01,-8.482702710003864333e-01,-8.695517064742407376e-01,-8.695932596549225124e-01,-8.688080281133889748e-01,-8.695932596549219573e-01,-8.695517064742405156e-01,-8.482702710003809932e-01,-7.849797529442119615e-01,-8.577769811556733570e-01
-8.846749820502063377e-01,-9.434833490203657913e-01,-9.847339811814136423e-01,-9.890724795101546452e-01,-9.877037796801784175e-01,-9.872983248926909816e-01,-9.877037796801798608e-01,-9.890724795101544231e-01,-9.847339811814105337e-01,-9.434833490203535789e-01,-8.846749820501992323e-01
-9.428530139119053466e-01,-9.935791174093084877e-01,-9.600336206476439704e-01,-9.569141791008072273e-01,-9.596430986984914036e-01,-9.603836251797988055e-01,-9.596430986984892941e-01,-9.569141791008075604e-01,-9.600336206476490775e-01,-9.935791174093130396e-01,-9.428530139118971309e-01
-9.573888235740771746e-01,-8.671097552272541975e-01,-8.018842085754862570e-01,-8.172135964743649783e-01,-8.255236412163770021e-01,-8.265355234622731029e-01,-8.255236412163702298e-01,-8.172135964743644232e-01,-8.018842085754929183e-01,-8.671097552272706288e-01,-9.573888235740768415e-01
-9.214351808073316663e-01,-7.392961702885625375e-01,-7.309071655505765541e-01,-7.714667353673223538e-01,-7.798177253694779099e-01,-7.795405543930646886e-01,-7.798177253694711375e-01,-7.714667353673202443e-01,-7.309071655505735565e-01,-7.392961702885686437e-01,-9.214351808073387717e-01
-8.892879609017995124e-01,-7.820735479861168349e-01,-8.465823683422432078e-01,-8.857961564600478344e-01,-8.877613968991376892e-01,-8.861164113511486029e-01,-8.877613968991356908e-01,-8.857961564600458360e-01,-8.465823683422323276e-01,-7.820735479861042894e-01,-8.892879609018055076e-01
-8.949071718944052733e-01,-9.341158269445787310e-01,-9.867104451472914484e-01,-9.949056520957756389e-01,-9.929483145575268566e-01,-9.921933062605724496e-01,-9.929483145575278558e-01,-9.949056520957754168e-01,-9.867104451472865634e-01,-9.341158269445635209e-01,-8.949071718944041631e-01
-9.174959024323467993e-01,-9.973389126832127305e-01,-9.533998109164530943e-01,-9.410636639385320246e-01,-9.459261237174007020e-01,-9.479295135393164262e-01,-9.459261237173990367e-01,-9.410636639385325797e-01,-9.533998109164618651e-01,-9.973389126832155060e-01,-9.174959024323408041e-01
-9.254680293023058724e-01,-8.973594119903620658e-01,-7.837033297495339390e-01,-7.937145016355003913e-01,-8.107013049658929882e-01,-8.139517884560044658e-01,-8.107013049658855497e-01,-7.937145016354982818e-01,-7.837033297495457074e-01,-8.973594119903816058e-01,-9.254680293023016535e-01
-9.174207270128097447e-01,-7.703139239255148984e-01,-6.983706015050188398e-01,-7.518308307232856036e-01,-7.725245115205094937e-01,-7.736018972646980796e-01,-7.725245115205005009e-01,-7.518308307232799415e-01,-6.983706015050165083e-01,-7.703139239255285542e-01,-9.174207270128096336e-01
-9.120333045113704351e-01,-7.779147434051396637e-01,-8.076619273190590587e-01,-8.725602488225991937e-01,-8.828665917739496605e-01,-8.806396982492173953e-01,-8.828665917739462188e-01,-8.725602488225947528e-01,-8.076619273190432935e-01,-7.779147434051316701e-01,-9.120333045113732107e-01
-9.127247909490026068e-01,-9.032758939767886464e-01,-9.692979080183904417e-01,-9.923197575205946475e-01,-9.904435375701903244e-01,-9.885781265950471797e-01,-9.904435375701914346e-01,-9.923197575205943144e-01,-9.692979080183807827e-01,-9.032758939767701056e-01,-9.127247909490048272e-01
-9.050897470623499030e-01,-9.909483091136890298e-01,-9.740555731261418826e-01,-9.471907976673036300e-01,-9.499616109513502327e-01,-9.533224335507830549e-01,-9.499616109513497886e-01,-9.471907976673041851e-01,-9.740555731261513195e-01,-9.909483091136837007e-01,-9.050897470623493479e-01
-8.877848850318263985e-01,-9.446625847892392569e-01,-8.113898491735237473e-01,-7.881581574563307768e-01,-8.124066318702157785e-01,-8.206608744509171771e-01,-8.124066318702084510e-01,-7.881581574563261139e-01,-8.113898491735431762e-01,-9.446625847892555772e-01,-8.877848850318226237e-01
-8.815999981269304620e-01,-8.339171703275848335e-01,-6.798953963250330412e-01,-7.142540343476988518e-01,-7.553399794655059063e-01,-7.624942170901570782e-01,-7.553399794654951371e-01,-7.142540343476878606e-01,-6.798953963250404797e-01,-8.339171703276060388e-01,-8.815999981269239116e-01
-9.001926551167157564e-01,-7.965820214456766912e-01,-7.370435762449230044e-01,-8.183936492145248431e-01,-8.517140886110732279e-01,-8.524150579286693397e-01,-8.517140886110668996e-01,-8.183936492145142960e-01,-7.370435762449096817e-01,-7.965820214456814652e-01,-9.001926551167094281e-01
-9.254921432891214383e-01,-8.685373141448275991e-01,-9.122230566916522676e-01,-9.701306779826303073e-01,-9.770519030238417058e-01,-9.734908143079364917e-01,-9.770519030238423719e-01,-9.701306779826266435e-01,-9.122230566916341710e-01,-8.685373141448144985e-01,-9.254921432891197730e-01
-9.224742178626242906e-01,-9.563373969084751902e-01,-9.978641209306337023e-01,-9.771120433101521119e-01,-9.703207909797554320e-01,-9.718855294593616856e-01,-9.703207909797570974e-01,-9.771120433101543323e-01,-9.978641209306351456e-01,-9.563373969084617565e-01,-9.224742178626298417e-01
-8.832153876796745573e-01,-9.630928114648547034e-01,-8.954646416046316837e-01,-8.222695629699775521e-01,-8.360349292909059482e-01,-8.492706285561522073e-01,-8.360349292909006191e-01,-8.222695629699758868e-01,-8.954646416046567747e-01,-9.630928114648573679e-01,-8.832153876796821068e-01
-8.434853408391549401e-01,-8.949159310835507197e-01,-7.260220823594849548e-01,-6.829594632391098319e-01,-7.355119552958575557e-01,-7.558405642175179961e-01,-7.355119552958451212e-01,-6.829594632390967313e-01,-7.260220823595127104e-01,-8.949159310835667069e-01,-8.434853408391557172e-01
-8.452199573973887547e-01,-8.411374340269477390e-01,-6.823588097377981665e-01,-7.197945046575241479e-01,-7.897993299991530325e-01,-8.048413440127970553e-01,-7.897993299991407090e-01,-7.197945046575028316e-01,-6.823588097378042727e-01,-8.411374340269592853e-01,-8.452199573973784297e-01
-8.887958708636244376e-01,-8.615143514812063641e-01,-8.086376032244881884e-01,-8.900210359158844398e-01,-9.335479230763606973e-01,-9.352677369820712183e-01,-9.335479230763562564e-01,-8.900210359158684525e-01,-8.086376032244726453e-01,-8.615143514812024783e-01,-8.887958708636098937e-01
-9.292226560803893420e-01,-9.194470355353135949e-01,-9.629928140193689812e-01,-9.971966778936416365e-01,-9.932405040621813397e-01,-9.883515680917920321e-01,-9.932405040621840042e-01,-9.971966778936405262e-01,-9.629928140193539932e-01,-9.194470355353012714e-01,-9.292226560803825697e-01
-9.215558001480284034e-01,-9.407005896605251660e-01,-9.820241206577584592e-01,-9.151844846969853231e-01,-8.934020493775598482e-01,-8.994118307790188727e-01,-8.934020493775605143e-01,-9.151844846969932057e-01,-9.820241206577675630e-01,-9.407005896605187267e-01,-9.215558001480363970e-01
-8.682735612432399552e-01,-9.040281601218813634e-01,-8.547035227511133870e-01,-7.282619555310517745e-01,-7.423293169479512343e-01,-7.700114091528089677e-01,-7.423293169479421305e-01,-7.282619555310527737e-01,-8.547035227511451394e-01,-9.040281601218866925e-01,-8.682735612432554984e-01
-8.183922151090879948e-01,-8.580660527561901896e-01,-7.257211604291670115e-01,-6.353201355571238551e-01,-7.079098165866798409e-01,-7.485142875532286855e-01,-7.079098165866625214e-01,-6.353201355571072018e-01,-7.257211604291968765e-01,-8.580660527561990714e-01,-8.183922151090967656e-01
-8.175480528404613922e-01,-8.601414658856940676e-01,-7.306255336703743053e-01,-7.329709329533655726e-01,-8.286945949974119374e-01,-8.596280915179691506e-01,-8.286945949973972825e-01,-7.329709329533385942e-01,-7.306255336703799674e-01,-8.601414658856956219e-01,-8.175480528404540648e-01
-8.632456784017148443e-01,-9.064648845117196929e-01,-8.557187229028145881e-01,-9.171323509020340436e-01,-9.705549148660289616e-01,-9.754620116058682067e-01,-9.705549148660254088e-01,-9.171323509020152809e-01,-8.557187229027978237e-01,-9.064648845117135867e-01,-8.632456784016964146e-01
-9.106047388119966612e-01,-9.358592720357385986e-01,-9.687037858125927547e-01,-9.957675544618123098e-01,-9.738340535888015959e-01,-9.608679984639209026e-01,-9.738340535888062588e-01,-9.957675544618146413e-01,-9.687037858125768786e-01,-9.358592720357346018e-01,-9.106047388119824504e-01
-9.158240454269364061e-01,-9.049823774092198292e-01,-9.621867129722674328e-01,-8.881577553104473832e-01,-8.268572714937094670e-01,-8.249464044292571518e-01,-8.268572714937101331e-01,-8.881577553104642586e-01,-9.621867129722744272e-01,-9.049823774092253803e-01,-9.158240454269382935e-01
-8.757409252870085314e-01,-8.396399816712835085e-01,-8.558862578623311901e-01,-7.035770001826502362e-01,-6.772509671796002051e-01,-7.098796108843078434e-01,-6.772509671795868824e-01,-7.035770001826623377e-01,-8.558862578623605000e-01,-8.396399816712944997e-01,-8.757409252870246297e-01
-8.276694918523446187e-01,-8.060269896646690135e-01,-7.670599815822569667e-01,-6.244853883086025625e-01,-6.766260485251345269e-01,-7.378755634457413448e-01,-6.766260485251086587e-01,-6.244853883085956792e-01,-7.670599815822880529e-01,-8.060269896646738985e-01,-8.276694918523609390e-01
-8.108098635093462514e-01,-8.411634698468013482e-01,-7.839081146286309698e-01,-7.241267303941216760e-01,-8.256462043208454560e-01,-8.813515182135658321e-01,-8.256462043208214752e-01,-7.241267303940999156e-01,-7.839081146286437374e-01,-8.411634698467936877e-01,-8.108098635093490270e-01
-8.319014350325979468e-01,-9.127140683208518901e-01,-8.782066560682300072e-01,-9.026735464107201734e-01,-9.728235058405586555e-01,-9.873170357274236864e-01,-9.728235058405508839e-01,-9.026735464107010776e-01,-8.782066560682215695e-01,-9.127140683208380123e-01,-8.319014350325850682e-01
-8.652554189445481603e-01,-9.472534149195191988e-01,-9.492225726406842146e-01,-9.926623390008556536e-01,-9.676257772207044194e-01,-9.357367654388314415e-01,-9.676257772207135233e-01,-9.926623390008552095e-01,-9.492225726406687825e-01,-9.472534149195153130e-01,-8.652554189445305077e-01
-8.809730170303331498e-01,-9.034037041725171413e-01,-9.295454867612319427e-01,-9.169623132476842908e-01,-8.085903191162525649e-01,-7.643453547753713551e-01,-8.085903191162651105e-01,-9.169623132477033867e-01,-9.295454867612268357e-01,-9.034037041725315742e-01,-8.809730170303234909e-01
-8.701529098098838011e-01,-8.154020422853510697e-01,-8.453375121211772480e-01,-7.554692072680296855e-01,-6.429673686901893337e-01,-6.326465628205644176e-01,-6.429673686901878904e-01,-7.554692072680522230e-01,-8.453375121211883503e-01,-8.154020422853762717e-01,-8.701529098098881310e-01
-8.475317804230507734e-01,-7.597365269347926553e-01,-7.845786101433137594e-01,-6.617115703080187483e-01,-6.239461791433210669e-01,-6.664007648835250652e-01,-6.239461791432996396e-01,-6.617115703080275191e-01,-7.845786101433326332e-01,-7.597365269348105299e-01,-8.475317804230630969e-01
-8.332904840092074661e-01,-7.835460833516810775e-01,-8.072252100545680431e-01,-7.155397814825619207e-01,-7.668697296228292881e-01,-8.351690789583070540e-01,-7.668697296227988680e-01,-7.155397814825529279e-01,-8.072252100545812548e-01,-7.835460833516783019e-01,-8.332904840092173471e-01
-8.319930473669278070e-01,-8.648580795000476718e-01,-8.861254539728297130e-01,-8.598669656696876773e-01,-9.393170412667452007e-01,-9.781966651055660211e-01,-9.393170412667266600e-01,-8.598669656696715791e-01,-8.861254539728310453e-01,-8.648580795000266885e-01,-8.319930473669279181e-01
-8.327389325231363548e-01,-9.339296105732677322e-01,-9.366508387117842283e-01,-9.648203423961801972e-01,-9.835315031634794813e-01,-9.504282037490098256e-01,-9.835315031634862537e-01,-9.648203423961723146e-01,-9.366508387117779000e-01,-9.339296105732475262e-01,-8.327389325231278061e-01
-8.249873468474208105e-01,-9.328119422181180287e-01,-9.040284607098525438e-01,-9.469193252732903687e-01,-8.593136425211788110e-01,-7.586461057994668966e-01,-8.593136425212072327e-01,-9.469193252732990285e-01,-9.040284607098463265e-01,-9.328119422181195830e-01,-8.249873468474103744e-01
-8.117958619143375021e-01,-8.644270162883305186e-01,-8.131396632899861032e-01,-8.356194376234780119e-01,-6.766288300570237890e-01,-5.588969148235267692e-01,-6.766288300570545422e-01,-8.356194376234967747e-01,-8.131396632899838828e-01,-8.644270162883584963e-01,-8.117958619143317289e-01
-8.062340397648952717e-01,-7.878008597017963632e-01,-7.427462524399411903e-01,-7.387356817288662780e-01,-5.935820535274591858e-01,-5.182055684777854276e-01,-5.935820535274722864e-01,-7.387356817288814881e-01,-7.427462524399398580e-01,-7.878008597018351100e-01,-8.062340397648943835e-01
-8.171930397999604967e-01,-7.637718567846411011e-01,-7.545749428497098288e-01,-7.404267607003808260e-01,-6.775279970706693522e-01,-6.698545489430414168e-01,-6.775279970706595822e-01,-7.404267607003833795e-01,-7.545749428497050548e-01,-7.637718567846673023e-01,-8.171930397999607187e-01
-8.380132898486477577e-01,-8.041495030076440953e-01,-8.391810884510433333e-01,-8.283490421246575419e-01,-8.529986079974098967e-01,-8.864818060740778938e-01,-8.529986079973893576e-01,-8.283490421246502144e-01,-8.391810884510355617e-01,-8.041495030076444284e-01,-8.380132898486456483e-01
-8.485931814387750460e-01,-8.691767331989985745e-01,-9.230295336426987962e-01,-9.151746874087639538e-01,-9.712941260011964673e-01,-9.847008576905322830e-01,-9.712941260011861422e-01,-9.151746874087569594e-01,-9.230295336426939112e-01,-8.691767331989772583e-01,-8.485931814387716043e-01
-8.319961937496489490e-01,-9.061547228798416675e-01,-9.313763036536999440e-01,-9.230693641562717211e-01,-9.361534311988403134e-01,-8.741399822980192580e-01,-9.361534311988548573e-01,-9.230693641562733864e-01,-9.313763036537041629e-01,-9.061547228798165765e-01,-8.319961937496479498e-01
-7.907546710039322635e-01,-8.905702269249970993e-01,-8.531188622286739465e-01,-8.493124234751558976e-01,-7.815708464363424479e-01,-6.323581567230501799e-01,-7.815708464363801955e-01,-8.493124234751653345e-01,-8.531188622286862699e-01,-8.905702269249877734e-01,-7.907546710039361493e-01
-7.479343361977619509e-01,-8.417321007757984086e-01,-7.478609921844228126e-01,-7.618522119058910302e-01,-6.384461596623509649e-01,-4.421887748159937237e-01,-6.384461596623955959e-01,-7.618522119058999120e-01,-7.478609921844343589e-01,-8.417321007758123974e-01,-7.479343361977687232e-01
-7.301132580348927981e-01,-8.036804487574880085e-01,-6.948968258948597931e-01,-7.384860250450328012e-01,-6.232434218089661915e-01,-4.457789553655956416e-01,-6.232434218089984990e-01,-7.384860250450321351e-01,-6.948968258948609034e-01,-8.036804487575167633e-01,-7.301132580348961287e-01
-7.482074142730028576e-01,-8.063947676686452626e-01,-7.292831156498997824e-01,-7.978544864425354266e-01,-7.428316738491219651e-01,-6.361614507603184920e-01,-7.428316738491322901e-01,-7.978544864425245464e-01,-7.292831156498866818e-01,-8.063947676686715749e-01,-7.482074142729977506e-01
-7.888350411599696077e-01,-8.404897168271603380e-01,-8.207767716857461426e-01,-8.844036200417924043e-01,-8.969312380306211363e-01,-8.715470809307710454e-01,-8.969312380306135868e-01,-8.844036200417805249e-01,-8.207767716857244933e-01,-8.404897168271712182e-01,-7.888350411599558409e-01
-8.239148704075380802e-01,-8.687573410309321620e-01,-9.001844282923219254e-01,-9.153948848951847239e-01,-9.602316991299821858e-01,-9.821332115939570562e-01,-9.602316991299714166e-01,-9.153948848951840578e-01,-9.001844282923051610e-01,-8.687573410309249455e-01,-8.239148704075215379e-01
-8.288314637022446973e-01,-8.613430293383825820e-01,-9.129660872106423186e-01,-8.541923978552455887e-01,-8.811484850200350660e-01,-8.933576646195071636e-01,-8.811484850200352881e-01,-8.541923978552624641e-01,-9.129660872106439840e-01,-8.613430293383633751e-01,-8.288314637022348164e-01
-7.991021298375313719e-01,-8.203418523669210316e-01,-8.566478079708824689e-01,-7.409046872687866658e-01,-7.197189408878743588e-01,-6.764754749854380300e-01,-7.197189408878910122e-01,-7.409046872688145324e-01,-8.566478079709040072e-01,-8.203418523669004925e-01,-7.991021298375355908e-01
-7.516617916851677794e-01,-7.752807643605789112e-01,-7.792401071702104165e-01,-6.594565953178620488e-01,-5.994735747892805389e-01,-4.918177097591829861e-01,-5.994735747893078504e-01,-6.594565953178871398e-01,-7.792401071702398374e-01,-7.752807643605651444e-01,-7.516617916851855430e-01
-7.127557648707749660e-01,-7.597265301665402371e-01,-7.378651438039568466e-01,-6.704443884614386118e-01,-6.106782899713042445e-01,-4.677565276835485841e-01,-6.106782899713305568e-01,-6.704443884614477156e-01,-7.378651438039778299e-01,-7.597265301665352411e-01,-7.127557648707985027e-01
-6.995846141692612097e-01,-7.864985469850540589e-01,-7.546816360384823730e-01,-7.662140367912346761e-01,-7.433739312896798790e-01,-6.135241091459419094e-01,-7.433739312896957552e-01,-7.662140367912249062e-01,-7.546816360384841493e-01,-7.864985469850545030e-01,-6.995846141692789733e-01
-7.117115124746273835e-01,-8.381141616182236076e-01,-8.035593826557265729e-01,-8.758869527829832302e-01,-8.967823595659204505e-01,-8.233583493656650987e-01,-8.967823595659234481e-01,-8.758869527829641344e-01,-8.035593826557099195e-01,-8.381141616182263832e-01,-7.117115124746312693e-01
-7.338606488099418401e-01,-8.773879232298570363e-01,-8.381517079893391342e-01,-9.165715737532006413e-01,-9.549155117017943395e-01,-9.583694870858845416e-01,-9.549155117017880112e-01,-9.165715737531898721e-01,-8.381517079893144873e-01,-8.773879232298607000e-01,-7.338606488099292946e-01
-7.486612823572406095e-01,-8.743504715690881834e-01,-8.301655361056954341e-01,-8.527590145575364433e-01,-8.682137889497779648e-01,-9.401578336620330933e-01,-8.682137889497693051e-01,-8.527590145575493219e-01,-8.301655361056773375e-01,-8.743504715690935125e-01,-7.486612823572162956e-01
-7.471558006232962290e-01,-8.278958747579148181e-01,-7.890187207909187261e-01,-7.244050551575873520e-01,-6.890525250434171856e-01,-7.995530203421729043e-01,-6.890525250434111904e-01,-7.244050551576276531e-01,-7.890187207909167277e-01,-8.278958747579214794e-01,-7.471558006232694726e-01
-7.329858785132470356e-01,-7.661955246726697144e-01,-7.501737013964355771e-01,-6.187234916225559100e-01,-5.344104266769180711e-01,-6.481056757313286010e-01,-5.344104266769145184e-01,-6.187234916226120873e-01,-7.501737013964490108e-01,-7.661955246726745994e-01,-7.329858785132274956e-01
-7.164991984831190486e-01,-7.245375502627493525e-01,-7.465515380987823857e-01,-6.071328451318636077e-01,-5.041657177697994596e-01,-5.942024785065100900e-01,-5.041657177697956849e-01,-6.071328451319158992e-01,-7.465515380988010374e-01,-7.245375502627493525e-01,-7.164991984831130534e-01
-7.065868745493060210e-01,-7.218623863724926704e-01,-7.826904751341206001e-01,-6.950404027562342435e-01,-6.146782528381324884e-01,-6.678457801111978842e-01,-6.146782528381253830e-01,-6.950404027562649967e-01,-7.826904751341320354e-01,-7.218623863724866752e-01,-7.065868745493140146e-01
-7.036678607466546609e-01,-7.519235718240947497e-01,-8.299470662340349136e-01,-8.215772531674528922e-01,-7.927987127534084077e-01,-8.080342018711174079e-01,-7.927987127533991929e-01,-8.215772531674555568e-01,-8.299470662340333593e-01,-7.519235718240834254e-01,-7.036678607466725355e-01
-7.013476784551461174e-01,-7.925444772795737780e-01,-8.443695705045367594e-01,-9.014102758836661788e-01,-9.249458662104363960e-01,-9.099679850077792009e-01,-9.249458662104306228e-01,-9.014102758836473051e-01,-8.443695705045255462e-01,-7.925444772795604553e-01,-7.013476784551673227e-01
-6.917532295968349398e-01,-8.211888120411711123e-01,-8.007789209854034862e-01,-8.814096680536013251e-01,-9.301917036831864882e-01,-8.984898586480447591e-01,-9.301917036831903740e-01,-8.814096680535767891e-01,-8.007789209853922729e-01,-8.211888120411600100e-01,-6.917532295968525924e-01
-6.723254517352572623e-01,-8.274797327307411576e-01,-7.143235934456992897e-01,-7.732026049574391990e-01,-8.092806048104139727e-01,-7.767317677500114037e-01,-8.092806048104296268e-01,-7.732026049574264315e-01,-7.143235934456975134e-01,-8.274797327307374939e-01,-6.723254517352652559e-01
-6.473518425803099774e-01,-8.161012870393740126e-01,-6.341927621677156957e-01,-6.454880945790122393e-01,-6.425013522865582472e-01,-6.235167018036438247e-01,-6.425013522865813398e-01,-6.454880945790204549e-01,-6.341927621677272420e-01,-8.161012870393788976e-01,-6.473518425803045373e-01
-6.250356986668756942e-01,-8.000557524488962624e-01,-6.090151233308980228e-01,-5.779708372508058911e-01,-5.339522231828267573e-01,-5.383251490046034871e-01,-5.339522231828484067e-01,-5.779708372508323144e-01,-6.090151233309200052e-01,-8.000557524489060324e-01,-6.250356986668564874e-01
-6.119538595925325675e-01,-7.900053722737480077e-01,-6.549630020139660669e-01,-6.114728876830730631e-01,-5.451947129268970293e-01,-5.755016316913132979e-01,-5.451947129269077985e-01,-6.114728876831058146e-01,-6.549630020139891595e-01,-7.900053722737565565e-01,-6.119538595925023694e-01
-6.092337242449678003e-01,-7.848635541932691417e-01,-7.447602060134653756e-01,-7.221527726457809271e-01,-6.594918358340954301e-01,-7.096716487064385070e-01,-6.594918358340905451e-01,-7.221527726458066843e-01,-7.447602060134790314e-01,-7.848635541932724724e-01,-6.092337242449334944e-01
-6.131617052223837794e-01,-7.745770868907581042e-01,-8.270344853481885750e-01,-8.397282342055840676e-01,-8.008151201720649093e-01,-8.563146783164228282e-01,-8.008151201720469237e-01,-8.397282342055951698e-01,-8.270344853481865766e-01,-7.745770868907575490e-01,-6.131617052223539144e-01
-6.183709513067358055e-01,-7.493099030583079134e-01,-8.546085066263457986e-01,-8.892206771721179459e-01,-8.818265527650943625e-01,-9.221022979520141494e-01,-8.818265527650729352e-01,-8.892206771721145042e-01,-8.546085066263300334e-01,-7.493099030583069142e-01,-6.183709513067190411e-01
-6.222792965459975623e-01,-7.123216718716862683e-01,-8.117185292503695804e-01,-8.373055684458707848e-01,-8.566541774859194325e-01,-8.611584069954584253e-01,-8.566541774859072200e-01,-8.373055684458592385e-01,-8.117185292503487082e-01,-7.123216718716889329e-01,-6.222792965459988945e-01
-6.251188414563271234e-01,-6.801996146836769563e-01,-7.216551803756563466e-01,-7.111782563980184602e-01,-7.458216830864490277e-01,-7.019005629671350999e-01,-7.458216830864559110e-01,-7.111782563980082461e-01,-7.216551803756412475e-01,-6.801996146836841728e-01,-6.251188414563453311e-01
-6.281736135880893190e-01,-6.739088159253689980e-01,-6.349552814464425321e-01,-5.822676180022672288e-01,-6.225310126195543470e-01,-5.316518728583952136e-01,-6.225310126195817695e-01,-5.822676180022647863e-01,-6.349552814464409778e-01,-6.739088159253782129e-01,-6.281736135881166305e-01
-6.288933139981807141e-01,-7.018089153499170729e-01,-5.989074704496393231e-01,-5.211271925585143627e-01,-5.644135967067807069e-01,-4.426822767891969157e-01,-5.644135967068212301e-01,-5.211271925585214682e-01,-5.989074704496524237e-01,-7.018089153499236232e-01,-6.288933139982058051e-01
-6.201453269984451566e-01,-7.526449863342419278e-01,-6.299812107421796092e-01,-5.567448865417878867e-01,-6.056732150745323118e-01,-4.779964648674027150e-01,-6.056732150745725018e-01,-5.567448865417999881e-01,-6.299812107422005925e-01,-7.526449863342413726e-01,-6.201453269984582573e-01
-5.931688977893663228e-01,-8.007298672606066869e-01,-7.048958793819632973e-01,-6.632656597362427409e-01,-7.181995978193255192e-01,-6.103280513317352884e-01,-7.181995978193518315e-01,-6.632656597362529549e-01,-7.048958793819830593e-01,-8.007298672605980272e-01,-5.931688977893609938e-01
-5.437948932317737682e-01,-8.205800284976991765e-01,-7.751337581133894705e-01,-7.778595050790055865e-01,-8.302969552089589644e-01,-7.626732129500501944e-01,-8.302969552089636274e-01,-7.778595050790079179e-01,-7.751337581134016830e-01,-8.205800284976855208e-01,-5.437948932317507866e-01
-4.782897623094634065e-01,-8.020670646186220942e-01,-7.972672380742733544e-01,-8.379718951686765394e-01,-8.701862606700638825e-01,-8.545804787596662511e-01,-8.701862606700471181e-01,-8.379718951686708772e-01,-7.972672380742757969e-01,-8.020670646186109920e-01,-4.782897623094287121e-01
-4.132047799849487002e-01,-7.542366429760268831e-01,-7.565519800385254179e-01,-8.133174094842764434e-01,-8.049386486970230292e-01,-8.432739918721456895e-01,-8.049386486969926091e-01,-8.133174094842688939e-01,-7.565519800385189786e-01,-7.542366429760281044e-01,-4.132047799849121739e-01
-3.703055754748785233e-01,-7.019766656578394493e-01,-6.751496490969567388e-01,-7.220524504118918108e-01,-6.604826991393535351e-01,-7.452948518241928610e-01,-6.604826991393208946e-01,-7.220524504118910336e-01,-6.751496490969443043e-01,-7.019766656578586561e-01,-3.703055754748497685e-01
-3.660833282878436234e-01,-6.716467759011716110e-01,-5.959306851289233320e-01,-6.175066400630304653e-01,-5.064708274696532175e-01,-6.235704809678392913e-01,-5.064708274696305690e-01,-6.175066400630431218e-01,-5.959306851289076778e-01,-6.716467759012074712e-01,-3.660833282878275252e-01
-4.035599680422288227e-01,-6.791172599753741990e-01,-5.582523123237025375e-01,-5.581024846980323639e-01,-4.186347267573172770e-01,-5.511961927491609847e-01,-4.186347267573113373e-01,-5.581024846980582321e-01,-5.582523123236855511e-01,-6.791172599754176087e-01,-4.035599680422244928e-01
-4.684198529867579786e-01,-7.201742816954357362e-01,-5.757896293070585703e-01,-5.737764841170835961e-01,-4.367002116202515771e-01,-5.680852073494420118e-01,-4.367002116202619577e-01,-5.737764841171167918e-01,-5.757896293070419169e-01,-7.201742816954733728e-01,-4.684198529867590333e-01
-5.331208798432311990e-01,-7.714005456093011581e-01,-6.317222662570183278e-01,-6.516878826454165496e-01,-5.456593274448365838e-01,-6.600617302729596680e-01,-5.456593274448562347e-01,-6.516878826454476359e-01,-6.317222662570016745e-01,-7.714005456093220303e-01,-5.331208798432314211e-01
-5.683962293140749633e-01,-8.020778163067399102e-01,-6.902699553221044448e-01,-7.457429059725466658e-01,-6.874590084032873305e-01,-7.694919041840267981e-01,-6.874590084033065374e-01,-7.457429059725670939e-01,-6.902699553220886797e-01,-8.020778163067388000e-01,-5.683962293140711886e-01
-5.553614559715247534e-01,-7.891411466254967255e-01,-7.153545950668332987e-01,-8.008669279462428126e-01,-7.915846787847455879e-01,-8.269481126519622194e-01,-7.915846787847555799e-01,-8.008669279462465873e-01,-7.153545950668220854e-01,-7.891411466254765195e-01,-5.553614559715172039e-01
-4.950758927275899501e-01,-7.326290215172310827e-01,-6.912241590579332184e-01,-7.838287722112882161e-01,-8.118417817062064668e-01,-7.904135788225772341e-01,-8.118417817062033581e-01,-7.838287722112737832e-01,-6.912241590579324413e-01,-7.326290215172003295e-01,-4.950758927275844545e-01
-4.080555531954931925e-01,-6.564285868707375737e-01,-6.298734013962234979e-01,-6.994376771411251470e-01,-7.463516370601179784e-01,-6.660358782027502311e-01,-7.463516370601044336e-01,-6.994376771410970584e-01,-6.298734013962393741e-01,-6.564285868707072646e-01,-4.080555531954964676e-01
-3.250964398527932953e-01,-5.973801224948240840e-01,-5.655255943440393729e-01,-5.879871118462260959e-01,-6.362738154404137259e-01,-5.055290317832304980e-01,-6.362738154403967394e-01,-5.879871118461921231e-01,-5.655255943440735678e-01,-5.973801224948027677e-01,-3.250964398528097821e-01
-2.732136442555525013e-01,-5.853670037886513633e-01,-5.338419296607332942e-01,-5.009442177873703050e-01,-5.408090444868556279e-01,-3.786886891582459391e-01,-5.408090444868425273e-01,-5.009442177873393298e-01,-5.338419296607820330e-01,-5.853670037886423705e-01,-2.732136442555814226e-01
-2.626628011329220636e-01,-6.265868107481732396e-01,-5.512878280585959967e-01,-4.726302175560370689e-01,-5.058740639969917519e-01,-3.387575712649545934e-01,-5.058740639969876440e-01,-4.726302175560157526e-01,-5.512878280586490654e-01,-6.265868107481731286e-01,-2.626628011329570911e-01
-2.840027843426753407e-01,-7.024625676722104917e-01,-6.072094711553528423e-01,-5.060521201537853120e-01,-5.438735398253717879e-01,-3.993777986427613502e-01,-5.438735398253781161e-01,-5.060521201537762082e-01,-6.072094711553970292e-01,-7.024625676722142664e-01,-2.840027843427075371e-01
-3.136103491745652061e-01,-7.790275837217990329e-01,-6.689367015809889461e-01,-5.748220100039594938e-01,-6.293688488631427047e-01,-5.292119846436194042e-01,-6.293688488631575817e-01,-5.748220100039611591e-01,-6.689367015810128159e-01,-7.790275837218019195e-01,-3.136103491745857452e-01
-3.256974658915265386e-01,-8.244382733989659151e-01,-6.998996025945788402e-01,-6.406712287372091641e-01,-7.147155155422317829e-01,-6.694833913985178686e-01,-7.147155155422507677e-01,-6.406712287372169357e-01,-6.998996025945765087e-01,-8.244382733989654710e-01,-3.256974658915296472e-01
-3.050535408756712696e-01,-8.226284707210023139e-01,-6.760217782573836320e-01,-6.710939504331632222e-01,-7.520772318195680928e-01,-7.603837397481532090e-01,-7.520772318195848571e-01,-6.710939504331724370e-01,-6.760217782573559875e-01,-8.226284707209998714e-01,-3.050535408756562816e-01
-2.531849630135248885e-01,-7.781627364297892813e-01,-5.979854112579156000e-01,-6.542589031604999494e-01,-7.169090063891407905e-01,-7.686699856376340012e-01,-7.169090063891490061e-01,-6.542589031605087202e-01,-5.979854112578695258e-01,-7.781627364297905025e-01,-2.531849630134970219e-01
-1.874809228849997900e-01,-7.135859681640989161e-01,-4.928751973992783197e-01,-6.049146669332126081e-01,-6.209801308359964578e-01,-7.019300145380744649e-01,-6.209801308359925720e-01,-6.049146669332221560e-01,-4.928751973992253066e-01,-7.135859681641105734e-01,-1.874809228849676490e-01
-1.324898287949182185e-01,-6.578679309157678956e-01,-4.010541041695757647e-01,-5.547352264802853927e-01,-5.037422399277813323e-01,-5.987381309471876412e-01,-5.037422399277660112e-01,-5.547352264802984934e-01,-4.010541041695281361e-01,-6.578679309157944299e-01,-1.324898287948895192e-01
-1.080619556295330103e-01,-6.334088865728629836e-01,-3.573418216796808156e-01,-5.355031037252253601e-01,-4.117472293627454372e-01,-5.072280509603925847e-01,-4.117472293627210678e-01,-5.355031037252433457e-01,-3.573418216796475644e-01,-6.334088865729032847e-01,-1.080619556295113193e-01
-1.206814934247592702e-01,-6.469133985241872775e-01,-3.725602204662084027e-01,-5.603622473237489521e-01,-3.750630042991948132e-01,-4.622717806347324543e-01,-3.750630042991653368e-01,-5.603622473237710455e-01,-3.725602204661938588e-01,-6.469133985242342400e-01,-1.206814934247433385e-01
-1.600378569018753028e-01,-6.879466747257357850e-01,-4.299712243385449550e-01,-6.177003622192237531e-01,-3.964180822775031920e-01,-4.750726234251076985e-01,-3.964180822774728830e-01,-6.177003622192465127e-01,-4.299712243385467314e-01,-6.879466747257794168e-01,-1.600378569018605646e-01
-2.038929189653131968e-01,-7.359646793767655737e-01,-4.964957381875990672e-01,-6.794362057968956758e-01,-4.550883475974396575e-01,-5.341259596500319562e-01,-4.550883475974126791e-01,-6.794362057969147717e-01,-4.964957381876112241e-01,-7.359646793767959938e-01,-2.038929189652947116e-01
-2.279668439222585496e-01,-7.701332549302490893e-01,-5.385366547892135314e-01,-7.142168910148068983e-01,-5.173695374522134793e-01,-6.100060913349234504e-01,-5.173695374521938284e-01,-7.142168910148187777e-01,-5.385366547892289635e-01,-7.701332549302604136e-01,-2.279668439222340692e-01
-2.153675409416718756e-01,-7.773236684512994099e-01,-5.373461244907900003e-01,-7.032267034879187140e-01,-5.533980343562971971e-01,-6.689014776289206043e-01,-5.533980343562860948e-01,-7.032267034879200462e-01,-5.373461244908035450e-01,-7.773236684512918604e-01,-2.153675409416446196e-01
-1.636798014242343002e-01,-7.563576527593897092e-01,-4.946280406595446877e-01,-6.478031622440991733e-01,-5.500755718984883247e-01,-6.876016879626526412e-01,-5.500755718984872145e-01,-6.478031622440898474e-01,-4.946280406595536250e-01,-7.563576527593683929e-01,-1.636798014242126786e-01
-8.575848693743229334e-02,-7.178222539576433192e-01,-4.301743874612535268e-01,-5.677457394480081021e-01,-5.152908495327539473e-01,-6.636859332284744672e-01,-5.152908495327634952e-01,-5.677457394479900055e-01,-4.301743874612589114e-01,-7.178222539576160077e-01,-8.575848693742577078e-02
-4.086157619352253495e-03,-6.790197476683270672e-01,-3.733728217438818664e-01,-4.931785317164842919e-01,-4.721236959081113183e-01,-6.153014278580295482e-01,-4.721236959081303586e-01,-4.931785317164606997e-01,-3.733728217438863628e-01,-6.790197476683008659e-01,-4.086157619367640492e-03
5.799630964656349308e-02,-6.565003857369831053e-01,-3.488088203433709067e-01,-4.494245403533326799e-01,-4.431289857840654545e-01,-5.663139738112790145e-01,-4.431289857840916002e-01,-4.494245403533070893e-01,-3.488088203433776235e-01,-6.565003857369616780e-01,5.799630964652536386e-02
8.611547744683353822e-02,-6.584500468343152946e-01,-3.656262394339823141e-01,-4.469891539484498466e-01,-4.394188484062069300e-01,-5.324540023986163995e-01,-4.394188484062356292e-01,-4.469891539484242560e-01,-3.656262394339934718e-01,-6.584500468342997515e-01,8.611547744677820748e-02
8.043055301293566828e-02,-6.804454787435434415e-01,-4.133826647708336854e-01,-4.793152825855406252e-01,-4.586407963175054836e-01,-5.161290214107772112e-01,-4.586407963175312963e-01,-4.793152825855160337e-01,-4.133826647708502278e-01,-6.804454787435324503e-01,8.043055301287374559e-02
5.385891521895739414e-02,-7.090679057685531639e-01,-4.663389517943626883e-01,-5.258949306571668592e-01,-4.883557197077741385e-01,-5.082152462296930517e-01,-4.883557197077920686e-01,-5.258949306571440996e-01,-4.663389517943843376e-01,-7.090679057685438380e-01,5.385891521890213279e-02
2.554001125454653798e-02,-7.292150372570354033e-01,-4.966865164994608284e-01,-5.628575244939553190e-01,-5.140561468338971096e-01,-4.966764958343534708e-01,-5.140561468339036599e-01,-5.628575244939345579e-01,-4.966865164994863635e-01,-7.292150372570258554e-01,2.554001125450860998e-02
1.203086896615121471e-02,-7.312595612096575159e-01,-4.873790126607377982e-01,-5.731479171053508459e-01,-5.246961249318593534e-01,-4.734527761343945151e-01,-5.246961249318536913e-01,-5.731479171053336374e-01,-4.873790126607659423e-01,-7.312595612096467468e-01,1.203086896613612608e-02
2.050283079822460414e-02,-7.156710551294672706e-01,-4.394751013897209568e-01,-5.534005695813422054e-01,-5.165601436302312832e-01,-4.385284781933538323e-01,-5.165601436302158511e-01,-5.534005695813298820e-01,-4.394751013897502112e-01,-7.156710551294556133e-01,2.050283079823217794e-02
4.779021968936476850e-02,-6.900115281505452280e-01,-3.711392037067170468e-01,-5.163369800952655186e-01,-4.961021907397839548e-01,-4.022169381617327621e-01,-4.961021907397635822e-01,-5.163369800952588573e-01,-3.711392037067450800e-01,-6.900115281505341258e-01,4.779021968938945708e-02
8.363465661512438365e-02,-6.635215186417084965e-01,-3.073671735005945038e-01,-4.824749988572177850e-01,-4.750720586755129982e-01,-3.791752465338412148e-01,-4.750720586754922925e-01,-4.824749988572168968e-01,-3.073671735006189287e-01,-6.635215186417002808e-01,8.363465661515692706e-02
1.158914776526119295e-01,-6.439408016084792186e-01,-2.681111251684569763e-01,-4.682451022989938538e-01,-4.625552909354664899e-01,-3.793068824097236558e-01,-4.625552909354489484e-01,-4.682451022989979061e-01,-2.681111251684749064e-01,-6.439408016084766651e-01,1.158914776526416834e-01
1.359841934407584330e-01,-6.344409977829807978e-01,-2.605377912833813925e-01,-4.788406336780893779e-01,-4.599346947994865098e-01,-4.027475360280281524e-01,-4.599346947994741308e-01,-4.788406336780970385e-01,-2.605377912833885534e-01,-6.344409977829862379e-01,1.359841934407774733e-01
1.416987129781680788e-01,-6.341380057924498326e-01,-2.775097685394235514e-01,-5.067512683676566043e-01,-4.599332820381180076e-01,-4.396420170210790790e-01,-4.599332820381118458e-01,-5.067512683676675955e-01,-2.775097685394154468e-01,-6.341380057924639324e-01,1.416987129781732413e-01
1.371309291097974892e-01,-6.402643125285745196e-01,-3.029428698909678030e-01,-5.383353646840960405e-01,-4.523185102325033569e-01,-4.767667230327063965e-01,-4.523185102325024687e-01,-5.383353646841094742e-01,-3.029428698909414908e-01,-6.402643125285951697e-01,1.371309291097921323e-01
1.308151751398707874e-01,-6.481711766743702974e-01,-3.195617669950124862e-01,-5.620430337399737741e-01,-4.304309621737163472e-01,-5.048548891210984380e-01,-4.304309621737182345e-01,-5.620430337399884291e-01,-3.195617669949678552e-01,-6.481711766743931680e-01,1.308151751398619334e-01
1.317201971483740186e-01,-6.537472399177770566e-01,-3.154156520110713569e-01,-5.713736228425443375e-01,-3.930944627289133519e-01,-5.208079617069057976e-01,-3.930944627289153503e-01,-5.713736228425596586e-01,-3.154156520110125150e-01,-6.537472399177970406e-01,1.317201971483697165e-01
1.450093892139866503e-01,-6.561357602905405484e-01,-2.884119194153268451e-01,-5.662452142775946662e-01,-3.451699862679693531e-01,-5.279930292154041416e-01,-3.451699862679695752e-01,-5.662452142776106534e-01,-2.884119194152625631e-01,-6.561357602905548703e-01,1.450093892139927010e-01
1.703445203438092304e-01,-6.568735252112463119e-01,-2.465888037017835710e-01,-5.524944068028372346e-01,-2.956933835277117950e-01,-5.333441492154549213e-01,-2.956933835277080203e-01,-5.524944068028551092e-01,-2.465888037017247014e-01,-6.568735252112543055e-01,1.703445203438270772e-01
2.027712170949120540e-01,-6.586726771666430169e-01,-2.030856984063671156e-01,-5.382942709694514827e-01,-2.533276353990210894e-01,-5.420721041434500842e-01,-2.533276353990118746e-01,-5.382942709694726879e-01,-2.030856984063238446e-01,-6.586726771666467917e-01,2.027712170949380055e-01
2.353333423106263866e-01,-6.635621303155291306e-01,-1.690111129931287370e-01,-5.312131625395171142e-01,-2.233035127124560759e-01,-5.559441478551333526e-01,-2.233035127124399499e-01,-5.312131625395426493e-01,-1.690111129931058109e-01,-6.635621303155316841e-01,2.353333423106532263e-01
2.622735679105928641e-01,-6.713074965821355100e-01,-1.483230806935832979e-01,-5.351860696043321264e-01,-2.050854599289695102e-01,-5.730358147549331482e-01,-2.050854599289454183e-01,-5.351860696043603260e-01,-1.483230806935791624e-01,-6.713074965821399509e-01,2.622735679106138473e-01
2.810559815066219769e-01,-6.810128859936325219e-01,-1.365169621053948235e-01,-5.482854567440290650e-01,-1.918580159123084994e-01,-5.879270113005582443e-01,-1.918580159122771633e-01,-5.482854567440563764e-01,-1.365169621054025950e-01,-6.810128859936399603e-01,2.810559815066327460e-01
2.930020982954467668e-01,-6.920583580662926781e-01,-1.234076584722406111e-01,-5.653329437507663702e-01,-1.749505253249600267e-01,-5.952251073867922404e-01,-1.749505253249240833e-01,-5.653329437507894628e-01,-1.234076584722508529e-01,-6.920583580663022261e-01,2.930020982954473219e-01
3.029374871221393040e-01,-7.031280646243444066e-01,-9.880390984616840844e-02,-5.818003893373123736e-01,-1.490605163119566035e-01,-5.922667198006997813e-01,-1.490605163119217147e-01,-5.818003893373296931e-01,-9.880390984617284933e-02,-7.031280646243540655e-01,3.029374871221315324e-01
3.170429133993362680e-01,-7.124510494470626121e-01,-5.750334905479245751e-02,-5.952309935100205118e-01,-1.144453534591073768e-01,-5.792823485736561251e-01,-1.144453534590813282e-01,-5.952309935100330573e-01,-5.750334905478623332e-02,-7.124510494470702726e-01,3.170429133993228898e-01
3.392269399572426236e-01,-7.186808570730535140e-01,-1.223078879137039915e-03,-6.053928356383047049e-01,-7.659006956666145061e-02,-5.600504302174842408e-01,-7.659006956665020960e-02,-6.053928356383135867e-01,-1.223078879120272078e-03,-7.186808570730586210e-01,3.392269399572273580e-01
3.683584150527935974e-01,-7.219479322047765990e-01,6.183343360529302418e-02,-6.127726045938434174e-01,-4.267350904597681793e-02,-5.407419735627447821e-01,-4.267350904598282701e-02,-6.127726045938495236e-01,6.183343360531613764e-02,-7.219479322047788195e-01,3.683584150527799417e-01
3.983653058952902337e-01,-7.244422761291602342e-01,1.193865067104365324e-01,-6.172520727932799822e-01,-1.665443092065345410e-02,-5.262938023226925166e-01,-1.665443092067431241e-02,-6.172520727932840900e-01,1.193865067104596805e-01,-7.244422761291602342e-01,3.983653058952805193e-01
4.215405944017456830e-01,-7.286024590810313839e-01,1.594583722966140260e-01,-6.197382319498965231e-01,2.478548236112210201e-03,-5.191399486691552490e-01,2.478548236082289691e-03,-6.197382319498987435e-01,1.594583722966302353e-01,-7.286024590810293855e-01,4.215405944017408535e-01
4.331591339847287170e-01,-7.347821968058911857e-01,1.752061135539516867e-01,-6.231295097765054969e-01,1.881937105538499660e-02,-5.207940023040859012e-01,1.881937105535452792e-02,-6.231295097765063851e-01,1.752061135539558778e-01,-7.347821968058874109e-01,4.331591339847284949e-01
4.339583765460177656e-01,-7.409520804666407390e-01,1.683537271660894286e-01,-6.301909288805245257e-01,3.643113772770303904e-02,-5.335051678282705101e-01,3.643113772767997416e-02,-6.301909288805236375e-01,1.683537271660792700e-01,-7.409520804666359650e-01,4.339583765460210962e-01
4.289503893865016515e-01,-7.444503823899119022e-01,1.492926727976902346e-01,-6.412582029007599660e-01,5.752235853694993156e-02,-5.599790939594093686e-01,5.752235853694043222e-02,-6.412582029007567463e-01,1.492926727976677248e-01,-7.444503823899075723e-01,4.289503893865058703e-01
4.244306985644764052e-01,-7.443632365219337022e-01,1.326073407037958174e-01,-6.538234880906991231e-01,8.327192315613077267e-02,-5.991384424023361577e-01,8.327192315613646256e-02,-6.538234880906927948e-01,1.326073407037659524e-01,-7.443632365219303715e-01,4.244306985644780705e-01
4.254145952998086289e-01,-7.419352110665506927e-01,1.301828780015550635e-01,-6.650314608415865969e-01,1.145382345069011903e-01,-6.427780380914792646e-01,1.145382345069179131e-01,-6.650314608415781592e-01,1.301828780015243381e-01,-7.419352110665478062e-01,4.254145952998054092e-01
4.340459527131290685e-01,-7.394867284215049796e-01,1.463737651473848156e-01,-6.754303195393257520e-01,1.503246891968771648e-01,-6.803012934791430322e-01,1.503246891968967880e-01,-6.754303195393178694e-01,1.463737651473591972e-01,-7.394867284215022041e-01,4.340459527131204087e-01
4.491281568831628213e-01,-7.399172840439947052e-01,1.780219694314610912e-01,-6.885934694787881893e-01,1.874411360942001559e-01,-7.066039665305368089e-01,1.874411360942136451e-01,-6.885934694787827492e-01,1.780219694314438272e-01,-7.399172840439904864e-01,4.491281568831499982e-01
4.673777981093458767e-01,-7.454580396284440358e-01,2.188013830512857694e-01,-7.067626536710890361e-01,2.235279728884029815e-01,-7.235613711285637795e-01,2.235279728884045081e-01,-7.067626536710875929e-01,2.188013830512791080e-01,-7.454580396284388177e-01,4.673777981093318878e-01
4.861108007347139659e-01,-7.557053549671103321e-01,2.643293337905139317e-01,-7.286695880436591111e-01,2.602861012654341666e-01,-7.354079213119958380e-01,2.602861012654243966e-01,-7.286695880436617756e-01,2.643293337905181506e-01,-7.557053549671053361e-01,4.861108007347013649e-01
5.050829808860303194e-01,-7.676815897355133700e-01,3.136673125806330176e-01,-7.508840158635209372e-01,3.031220820597905208e-01,-7.438303456844197470e-01,3.031220820597737564e-01,-7.508840158635270434e-01,3.136673125806458962e-01,-7.676815897355100393e-01,5.050829808860221037e-01
5.253292880791440300e-01,-7.776943476106631392e-01,3.665488637611109546e-01,-7.697436642976362986e-01,3.556269707823952464e-01,-7.473711685775591418e-01,3.556269707823782600e-01,-7.697436642976450694e-01,3.665488637611286071e-01,-7.776943476106619180e-01,5.253292880791422537e-01
5.462685055797422695e-01,-7.832916777656847573e-01,4.200776849799805479e-01,-7.824282182769140004e-01,4.123715863947334803e-01,-7.459039333414940742e-01,4.123715863947232663e-01,-7.824282182769244365e-01,4.200776849799989776e-01,-7.832916777656850904e-01,5.462685055797463773e-01
5.644655181941486966e-01,-7.844465771736037762e-01,4.676547033657064700e-01,-7.871559161493132395e-01,4.581214336253536246e-01,-7.430229772334927540e-01,4.581214336253550679e-01,-7.871559161493236756e-01,4.676547033657230124e-01,-7.844465771736047754e-01,5.644655181941560240e-01
5.750590124738654829e-01,-7.827714643085220692e-01,4.996236842348942830e-01,-7.835905784262295892e-01,4.758190130738648160e-01,-7.414540510408947904e-01,4.758190130738786383e-01,-7.835905784262389151e-01,4.996236842349064955e-01,-7.827714643085221802e-01,5.750590124738725883e-01
5.740618443232909929e-01,-7.802981345953673431e-01,5.055549157630137014e-01,-7.740187631972448301e-01,4.561985703832071026e-01,-7.397241186224725595e-01,4.561985703832277528e-01,-7.740187631972531568e-01,5.055549157630203627e-01,-7.802981345953645675e-01,5.740618443232943235e-01
5.604876397862984527e-01,-7.798362828680287517e-01,4.789414850543988189e-01,-7.631108354798901150e-01,4.024380800376213263e-01,-7.367930412663166173e-01,4.024380800376425316e-01,-7.631108354798972204e-01,4.789414850544002622e-01,-7.798362828680219794e-01,5.604876397862950110e-01
5.388631655178355295e-01,-7.838167420508859173e-01,4.233879690675877994e-01,-7.549471923664128337e-01,3.300087867404425390e-01,-7.364361606367358926e-01,3.300087867404583042e-01,-7.549471923664189399e-01,4.233879690675861340e-01,-7.838167420508745931e-01,5.388631655178234281e-01
5.206654710073332915e-01,-7.913746211468415392e-01,3.564223251830189731e-01,-7.502049705419011616e-01,2.641621363855684579e-01,-7.429516405257652334e-01,2.641621363855753968e-01,-7.502049705419042702e-01,3.564223251830154204e-01,-7.913746211468258851e-01,5.206654710073127523e-01
5.204461724534829026e-01,-7.987689962010080524e-01,3.052919223866217835e-01,-7.462687520413158193e-01,2.335600701194650575e-01,-7.539287142381738693e-01,2.335600701194634476e-01,-7.462687520413151532e-01,3.052919223866160103e-01,-7.987689962009897338e-01,5.204461724534555911e-01
5.464029082557863015e-01,-8.030680244803072299e-01,2.945288918410989831e-01,-7.396558865427587115e-01,2.572716216944245238e-01,-7.606801886765254261e-01,2.572716216944158640e-01,-7.396558865427536045e-01,2.945288918410887136e-01,-8.030680244802876899e-01,5.464029082557554373e-01
5.926683824824794389e-01,-8.045556653768115574e-01,3.327076639205583941e-01,-7.289991207846129306e-01,3.305022918307892743e-01,-7.569201974504582431e-01,3.305022918307772284e-01,-7.289991207846040489e-01,3.327076639205413522e-01,-8.045556653767926836e-01,5.926683824824487967e-01
6.406474199018071802e-01,-8.061749662011428175e-01,4.061469376140309229e-01,-7.169671857946833260e-01,4.221838865412740893e-01,-7.454256997527820561e-01,4.221838865412612107e-01,-7.169671857946708915e-01,4.061469376140075527e-01,-8.061749662011257200e-01,6.406474199017819782e-01
6.691229146462988053e-01,-8.105532188940098859e-01,4.840453065703751445e-01,-7.087388169290730344e-01,4.907063731625401215e-01,-7.346364945163298410e-01,4.907063731625280756e-01,-7.087388169290579354e-01,4.840453065703489988e-01,-8.105532188939946758e-01,6.691229146462820410e-01
6.662439071465510176e-01,-8.172746375017797549e-01,5.335661314100816899e-01,-7.076683602359299385e-01,5.073840006825254267e-01,-7.303954802456875672e-01,5.073840006825149906e-01,-7.076683602359151726e-01,5.335661314100600405e-01,-8.172746375017665432e-01,6.662439071465436902e-01
6.363163988339490817e-01,-8.238038724782540401e-01,5.361649486281079291e-01,-7.128799158387253421e-01,4.711436493332128439e-01,-7.329750420618266205e-01,4.711436493332023523e-01,-7.128799158387134627e-01,5.361649486280970489e-01,-8.238038724782419386e-01,6.363163988339480825e-01
5.983718884211267630e-01,-8.281008518149077791e-01,4.962737230832033886e-01,-7.208022536182659978e-01,4.079676410320270952e-01,-7.389093908854581505e-01,4.079676410320162150e-01,-7.208022536182592255e-01,4.962737230832073299e-01,-8.281008518148956776e-01,5.983718884211264299e-01
5.770938306049355759e-01,-8.296569467032564038e-01,4.389785158070603210e-01,-7.279102950980865794e-01,3.580675712121934029e-01,-7.420925467306637158e-01,3.580675712121822452e-01,-7.279102950980841369e-01,4.389785158070769744e-01,-8.296569467032438583e-01,5.770938306049305799e-01
5.896810123981369722e-01,-8.289819517210705868e-01,3.988722928199011086e-01,-7.312279123137234160e-01,3.553632249712359581e-01,-7.362475041829920075e-01,3.553632249712258551e-01,-7.312279123137230830e-01,3.988722928199228690e-01,-8.289819517210582633e-01,5.896810123981230944e-01
6.345551385019023716e-01,-8.270458896363082069e-01,4.027723671000445482e-01,-7.282210930315982100e-01,4.065720786938445963e-01,-7.207896781856947266e-01,4.065720786938369913e-01,-7.282210930315982100e-01,4.027723671000613126e-01,-8.270458896362977708e-01,6.345551385018803892e-01
6.891240511142512348e-01,-8.257301198100009954e-01,4.519842875255776216e-01,-7.196327640304058804e-01,4.834890283053318027e-01,-7.029401289831058719e-01,4.834890283053278059e-01,-7.196327640304059914e-01,4.519842875255830617e-01,-8.257301198099938899e-01,6.891240511142291414e-01
7.218260230983712944e-01,-8.270944611982756767e-01,5.188288681927939461e-01,-7.111082855715279427e-01,5.389888555303568030e-01,-6.916800766952369006e-01,5.389888555303565809e-01,-7.111082855715266104e-01,5.188288681927887280e-01,-8.270944611982724570e-01,7.218260230983598591e-01
7.132430229892506857e-01,-8.306446864849920120e-01,5.646117460572677160e-01,-7.083229861619867451e-01,5.378917953068075297e-01,-6.908539256309974563e-01,5.378917953068085289e-01,-7.083229861619848577e-01,5.646117460572582791e-01,-8.306446864849922340e-01,7.132430229892566809e-01
6.703792901248164515e-01,-8.330484942586710018e-01,5.643983323705947797e-01,-7.116594301377690002e-01,4.799611635197421067e-01,-6.975238782413323291e-01,4.799611635197396642e-01,-7.116594301377672238e-01,5.643983323705896726e-01,-8.330484942586747765e-01,6.703792901248381009e-01
6.226476163261892571e-01,-8.319332273437178848e-01,5.195889845566366017e-01,-7.184225018840082466e-01,4.000151977445610130e-01,-7.042405116473935411e-01,4.000151977445507434e-01,-7.184225018840081356e-01,5.195889845566411536e-01,-8.319332273437238801e-01,6.226476163262157915e-01
6.034366737887931764e-01,-8.270266837865749565e-01,4.571165019976496935e-01,-7.263164801196055897e-01,3.475094862673208662e-01,-7.034241658075330861e-01,3.475094862673012708e-01,-7.263164801196079212e-01,4.571165019976637378e-01,-8.270266837865832832e-01,6.034366737888127163e-01
6.278658072299807547e-01,-8.188354731942262266e-01,4.182142165726929761e-01,-7.319573999129662667e-01,3.572820255712028104e-01,-6.925567112895871791e-01,3.572820255711777193e-01,-7.319573999129704855e-01,4.182142165727093519e-01,-8.188354731942371068e-01,6.278658072299880821e-01
6.786688608047333204e-01,-8.111655486100656232e-01,4.329024044851133568e-01,-7.323608436607018657e-01,4.252924721542917785e-01,-6.763484325601576419e-01,4.252924721542687969e-01,-7.323608436607078609e-01,4.329024044851235709e-01,-8.111655486100798340e-01,6.786688608047332094e-01
7.164675396828046328e-01,-8.106904106195134130e-01,4.964308647958912690e-01,-7.299612609333298030e-01,5.081248034155060322e-01,-6.626598008666487738e-01,5.081248034154951521e-01,-7.299612609333374635e-01,4.964308647958928788e-01,-8.106904106195299553e-01,7.164675396828100729e-01
7.134502741344115329e-01,-8.185994781439703827e-01,5.731708872526299903e-01,-7.299103999472204007e-01,5.525039242004433637e-01,-6.565094024967967901e-01,5.525039242004490259e-01,-7.299103999472280613e-01,5.731708872526268816e-01,-8.185994781439887014e-01,7.134502741344331822e-01
6.781810999777252436e-01,-8.277776125082204617e-01,6.218006137190568161e-01,-7.329033431834229839e-01,5.326707512041164438e-01,-6.582963682826031837e-01,5.326707512041352066e-01,-7.329033431834300893e-01,6.218006137190575933e-01,-8.277776125082396685e-01,6.781810999777632132e-01
6.461894354761308357e-01,-8.308436458397321367e-01,6.174941696186003748e-01,-7.363812674772786115e-01,4.668087202649371381e-01,-6.651475295790789666e-01,4.668087202649573997e-01,-7.363812674772862721e-01,6.174941696186121431e-01,-8.308436458397522317e-01,6.461894354761744674e-01
6.489881027393816781e-01,-8.258388021137645918e-01,5.656597266657031886e-01,-7.393736416944015621e-01,4.039318078976302795e-01,-6.728252357431112607e-01,4.039318078976389392e-01,-7.393736416944105549e-01,5.656597266657266143e-01,-8.258388021137854640e-01,6.489881027394166502e-01
6.868701012588397381e-01,-8.165885381016864120e-01,5.029977649802097606e-01,-7.412119378489949728e-01,3.914206203224975811e-01,-6.777166796502475110e-01,3.914206203224874225e-01,-7.412119378490047428e-01,5.029977649802375161e-01,-8.165885381017081723e-01,6.868701012588591670e-01
7.250250500705957002e-01,-8.118879722387746245e-01,4.732693151708418089e-01,-7.414460250871537372e-01,4.399149367039026370e-01,-6.786346871275255044e-01,4.399149367038793779e-01,-7.414460250871636182e-01,4.732693151708633472e-01,-8.118879722387960518e-01,7.250250500706061363e-01
7.254828751329543968e-01,-8.173607328378854620e-01,4.958386099413126247e-01,-7.427667536436315388e-01,5.125707616483053952e-01,-6.767135057618347549e-01,5.125707616482848561e-01,-7.427667536436413087e-01,4.958386099413220061e-01,-8.173607328379047798e-01,7.254828751329690517e-01
6.888471917032723546e-01,-8.271128444892138498e-01,5.569458241075199156e-01,-7.470913467269513220e-01,5.551746525044216618e-01,-6.732869952485950327e-01,5.551746525044187752e-01,-7.470913467269604258e-01,5.569458241075194715e-01,-8.271128444892309473e-01,6.888471917032985559e-01
6.550520580534981985e-01,-8.319518333267599264e-01,6.205212160195245907e-01,-7.512852791268898045e-01,5.409602893451553873e-01,-6.690367067556559633e-01,5.409602893451737060e-01,-7.512852791268986863e-01,6.205212160195232585e-01,-8.319518333267743593e-01,6.550520580535307280e-01
6.628116447677073753e-01,-8.313142548348295691e-01,6.482832988661606510e-01,-7.523296095086734470e-01,4.885641614809165256e-01,-6.653066812978626343e-01,4.885641614809453359e-01,-7.523296095086828839e-01,6.482832988661686446e-01,-8.313142548348431138e-01,6.628116447677344647e-01
7.132284216167206203e-01,-8.305423306821273499e-01,6.273245664730620064e-01,-7.510428387094920666e-01,4.443785585428377538e-01,-6.639768233143146237e-01,4.443785585428575713e-01,-7.510428387095032798e-01,6.273245664730826565e-01,-8.305423306821397844e-01,7.132284216167340540e-01
7.650981320896996785e-01,-8.338827784594023962e-01,5.803019572096225209e-01,-7.493833830948395391e-01,4.458360251601610202e-01,-6.645947335013087098e-01,4.458360251601600766e-01,-7.493833830948519736e-01,5.803019572096503875e-01,-8.338827784594138315e-01,7.650981320897025650e-01
7.694792048956272668e-01,-8.405318872547755671e-01,5.444421410962773100e-01,-7.500404846392217939e-01,4.877858644836163826e-01,-6.651356914184095581e-01,4.877858644836003954e-01,-7.500404846392354496e-01,5.444421410963026231e-01,-8.405318872547846709e-01,7.694792048956313746e-01
7.212229904089665355e-01,-8.430048164285292023e-01,5.455231530942132867e-01,-7.547057069708027477e-01,5.260639693748005996e-01,-6.660618980658996602e-01,5.260639693747893864e-01,-7.547057069708164034e-01,5.455231530942286078e-01,-8.430048164285355305e-01,7.212229904089804133e-01
6.673600627799604057e-01,-8.372595021137982929e-01,5.824452330610236928e-01,-7.608548619204900110e-01,5.242611300226471815e-01,-6.689937170001067912e-01,5.242611300226582838e-01,-7.608548619205028896e-01,5.824452330610305761e-01,-8.372595021138028448e-01,6.673600627799809448e-01
6.600855695735498019e-01,-8.312250710983623003e-01,6.273052183811297366e-01,-7.660621292055767029e-01,4.922526140988215393e-01,-6.728681166947954040e-01,4.922526140988564003e-01,-7.660621292055878051e-01,6.273052183811363980e-01,-8.312250710983659641e-01,6.600855695735641238e-01
7.093263328148722291e-01,-8.335728788807801326e-01,6.512971221477773520e-01,-7.711902757622638438e-01,4.744714257327599105e-01,-6.773795004600672298e-01,4.744714257328001561e-01,-7.711902757622735027e-01,6.512971221477912298e-01,-8.335728788807827971e-01,7.093263328148735614e-01
7.721752300436030003e-01,-8.427772681020084811e-01,6.497976785142119960e-01,-7.758484152989166827e-01,5.050900076008222328e-01,-6.846270964045989560e-01,5.050900076008441042e-01,-7.758484152989252314e-01,6.497976785142325351e-01,-8.427772681020107015e-01,7.721752300435964500e-01
7.893609580000319204e-01,-8.500594361199431681e-01,6.368640107342669054e-01,-7.787794884254468641e-01,5.681641795987273369e-01,-6.938213990245816198e-01,5.681641795987240062e-01,-7.787794884254558569e-01,6.368640107342861123e-01,-8.500594361199450555e-01,7.893609580000306991e-01
7.457529915911335072e-01,-8.466303536156604137e-01,6.279988195909360638e-01,-7.804721539340391256e-01,6.028485739060140958e-01,-7.013701543526297266e-01,6.028485739060026605e-01,-7.804721539340490066e-01,6.279988195909462778e-01,-8.466303536156625231e-01,7.457529915911443874e-01
6.857774498009268083e-01,-8.338337806416630249e-01,6.276442395143965181e-01,-7.813188337189755917e-01,5.653202170916903357e-01,-7.047524031899885522e-01,5.653202170916973301e-01,-7.813188337189852506e-01,6.276442395143994046e-01,-8.338337806416656894e-01,6.857774498009436837e-01
6.668112650060539215e-01,-8.232173873265865582e-01,6.274419521569012392e-01,-7.831448305514390196e-01,4.842936200300739236e-01,-7.044171425337540926e-01,4.842936200301112271e-01,-7.831448305514467911e-01,6.274419521569066793e-01,-8.232173873265898889e-01,6.668112650060644686e-01
7.048921602183166879e-01,-8.222406708149087029e-01,6.243418431274204705e-01,-7.877536977463306389e-01,4.425549416161568272e-01,-7.080431169344888476e-01,4.425549416162106731e-01,-7.877536977463359680e-01,6.243418431274356806e-01,-8.222406708149131438e-01,7.048921602183157997e-01
7.582634711618786438e-01,-8.285456969932136762e-01,6.302831829794729446e-01,-7.918234459695046024e-01,4.992223139178720848e-01,-7.247556015697325105e-01,4.992223139179131630e-01,-7.918234459695087102e-01,6.302831829794957041e-01,-8.285456969932196714e-01,7.582634711618753132e-01
7.708078322769330581e-01,-8.339727397027011380e-01,6.535840108046842012e-01,-7.928450319410053071e-01,6.211906199384492622e-01,-7.497283442864965952e-01,6.211906199384615856e-01,-7.928450319410100811e-01,6.535840108047029640e-01,-8.339727397027080213e-01,7.708078322769393864e-01
7.343279780683228397e-01,-8.305453215254535726e-01,6.820570377290272601e-01,-7.931941591859665852e-01,6.992763460842865708e-01,-7.660992827136473560e-01,6.992763460842839063e-01,-7.931941591859729135e-01,6.820570377290339215e-01,-8.305453215254613442e-01,7.343279780683411584e-01
6.923911399791667920e-01,-8.193303562758411651e-01,6.883466032316664096e-01,-7.944439651057515484e-01,6.543614285312318035e-01,-7.636853301921645576e-01,6.543614285312439049e-01,-7.944439651057586538e-01,6.883466032316656324e-01,-8.193303562758497138e-01,6.923911399791853327e-01
6.888785351195413353e-01,-8.092995846184924957e-01,6.571637563215246836e-01,-7.951705847657017934e-01,5.260000871749173079e-01,-7.511089830602464268e-01,5.260000871749603846e-01,-7.951705847657086768e-01,6.571637563215293465e-01,-8.092995846185023767e-01,6.888785351195505502e-01
7.207406706327161849e-01,-8.079448000891107373e-01,6.115590261650422077e-01,-7.912174366474968856e-01,4.434637524498265537e-01,-7.482996225350697639e-01,4.434637524498861727e-01,-7.912174366475044351e-01,6.115590261650601933e-01,-8.079448000891218395e-01,7.207406706327188495e-01
7.458308269688939118e-01,-8.146955659926897741e-01,5.972227321370673359e-01,-7.812361916765602210e-01,4.977588660191783476e-01,-7.621311583814646129e-01,4.977588660192246994e-01,-7.812361916765697689e-01,5.972227321370940922e-01,-8.146955659927012094e-01,7.458308269689006842e-01
7.388759346019183605e-01,-8.201293333643153716e-01,6.332278866217103674e-01,-7.720600211464591078e-01,6.370894930824945179e-01,-7.775534561150206914e-01,6.370894930825149460e-01,-7.720600211464715423e-01,6.332278866217320168e-01,-8.201293333643262518e-01,7.388759346019353469e-01
7.181903037683980973e-01,-8.167841939532728412e-01,6.847945374964008458e-01,-7.700633658058373410e-01,7.124172694608987833e-01,-7.789477693891881938e-01,7.124172694609111067e-01,-7.700633658058521069e-01,6.847945374964113929e-01,-8.167841939532836104e-01,7.181903037684177482e-01
7.141979036667276404e-01,-8.087559968503660324e-01,6.944893589562624037e-01,-7.731819866932858609e-01,6.410597674289568726e-01,-7.678338645607987178e-01,6.410597674289880699e-01,-7.731819866933010710e-01,6.944893589562702862e-01,-8.087559968503778007e-01,7.141979036667406300e-01
7.285483811257316145e-01,-8.063705586986507079e-01,6.469799333565343646e-01,-7.724662859620322619e-01,5.039441051309834219e-01,-7.578878872739942540e-01,5.039441051310379338e-01,-7.724662859620475830e-01,6.469799333565511290e-01,-8.063705586986629203e-01,7.285483811257380538e-01
7.374833489875862735e-01,-8.127783282791569697e-01,5.921889138268945363e-01,-7.612323299153115341e-01,4.581350679557529282e-01,-7.571255300595000071e-01,4.581350679558096051e-01,-7.612323299153295197e-01,5.921889138269208486e-01,-8.127783282791679609e-01,7.374833489875943782e-01
7.326234677310083931e-01,-8.196752432091780616e-01,5.903270071360541271e-01,-7.448851025653416835e-01,5.517735754588944941e-01,-7.595003918816249922e-01,5.517735754589304653e-01,-7.448851025653634439e-01,5.903270071360794402e-01,-8.196752432091868323e-01,7.326234677310221599e-01
7.313274454181103446e-01,-8.198379840277985053e-01,6.390832002083205454e-01,-7.345873899515974470e-01,6.615882452980292872e-01,-7.569629849178255432e-01,6.615882452980510475e-01,-7.345873899516217609e-01,6.390832002083387531e-01,-8.198379840278061659e-01,7.313274454181240003e-01
7.446376659046513025e-01,-8.168364587216596640e-01,6.743227623904123336e-01,-7.347424435704321688e-01,6.453548164358964279e-01,-7.493454773892428422e-01,6.453548164359268480e-01,-7.347424435704551504e-01,6.743227623904295420e-01,-8.168364587216682127e-01,7.446376659046594071e-01
7.562749708275511296e-01,-8.185969474096632670e-01,6.503038762434424358e-01,-7.378020207343712888e-01,5.237721282335895401e-01,-7.418069181549670210e-01,5.237721282336400552e-01,-7.378020207343919390e-01,6.503038762434671938e-01,-8.185969474096717047e-01,7.562749708275569027e-01
7.491743669917902970e-01,-8.254294886247131036e-01,5.991614232775969162e-01,-7.338534197947478299e-01,4.564697289241339551e-01,-7.375218287282558904e-01,4.564697289241894662e-01,-7.338534197947684801e-01,5.991614232776248938e-01,-8.254294886247193208e-01,7.491743669917985127e-01
7.385334005431195559e-01,-8.302197942721404322e-01,5.882722041291333914e-01,-7.241671788223874584e-01,5.308425818886242098e-01,-7.356322879359169509e-01,5.308425818886617353e-01,-7.241671788224093298e-01,5.882722041291530424e-01,-8.302197942721434298e-01,7.385334005431278825e-01
7.496527256164782216e-01,-8.304211461225569080e-01,6.290487857880830980e-01,-7.166837576727019821e-01,6.402569996540145025e-01,-7.343304059437298914e-01,6.402569996540339314e-01,-7.166837576727245196e-01,6.290487857880927569e-01,-8.304211461225592394e-01,7.496527256164817743e-01
7.749789166163453258e-01,-8.312799829903352311e-01,6.604792142898338048e-01,-7.153397853988051613e-01,6.280101099634196604e-01,-7.297506309019295978e-01,6.280101099634443074e-01,-7.153397853988250343e-01,6.604792142898481266e-01,-8.312799829903383397e-01,7.749789166163456589e-01
7.806924444728779999e-01,-8.365313638598935730e-01,6.353775560880887685e-01,-7.154807690968176814e-01,5.061306011546233830e-01,-7.203301587037778120e-01,5.061306011546689021e-01,-7.154807690968341127e-01,6.353775560881164131e-01,-8.365313638598961266e-01,7.806924444728817747e-01
7.615829628116336236e-01,-8.418427077657398838e-01,5.894918522168363095e-01,-7.138820216048802347e-01,4.446993426600373001e-01,-7.108425899605088638e-01,4.446993426600892030e-01,-7.138820216048942235e-01,5.894918522168659525e-01,-8.418427077657397728e-01,7.615829628116402850e-01
7.536725209330487063e-01,-8.428149279905582381e-01,5.915742141979567492e-01,-7.138673591199944379e-01,5.312477319268444909e-01,-7.093265420240579822e-01,5.312477319268762432e-01,-7.138673591200068724e-01,5.915742141979687396e-01,-8.428149279905559066e-01,7.536725209330501496e-01
7.766339705947042926e-01,-8.428937311003759092e-01,6.422983101548898066e-01,-7.156927802757506729e-01,6.407851748137116665e-01,-7.140231354067994030e-01,6.407851748137208814e-01,-7.156927802757605539e-01,6.422983101548854767e-01,-8.428937311003734667e-01,7.766339705946985195e-01
7.993698470059390493e-01,-8.467949629900063391e-01,6.675661669539008081e-01,-7.146645834681193410e-01,6.136078647353130355e-01,-7.101251311174204828e-01,6.136078647353273574e-01,-7.146645834681267795e-01,6.675661669539035836e-01,-8.467949629900047848e-01,7.993698470059350525e-01
7.890636654936039607e-01,-8.518518686319878075e-01,6.273718830908543431e-01,-7.090018833534572629e-01,4.873674365465185954e-01,-6.943434371168686337e-01,4.873674365465579528e-01,-7.090018833534630360e-01,6.273718830908769917e-01,-8.518518686319855870e-01,7.890636654936069583e-01
7.677608546108762866e-01,-8.522232695765555865e-01,5.791429868751388765e-01,-7.071252835983592444e-01,4.459422093801009290e-01,-6.816950783837617545e-01,4.459422093801477804e-01,-7.071252835983625751e-01,5.791429868751643006e-01,-8.522232695765520338e-01,7.677608546108796173e-01
7.753728939758233185e-01,-8.498244994227613924e-01,5.972767613349686533e-01,-7.131940855379875766e-01,5.456725334113411430e-01,-6.850310481418561137e-01,5.456725334113647907e-01,-7.131940855379889088e-01,5.972767613349717619e-01,-8.498244994227565074e-01,7.753728939758181005e-01
8.012110352862475970e-01,-8.512879022790451611e-01,6.588798383061809094e-01,-7.187753970056248720e-01,6.326567707892328807e-01,-6.910682459990364901e-01,6.326567707892329917e-01,-7.187753970056243169e-01,6.588798383061663655e-01,-8.512879022790406092e-01,8.012110352862384932e-01
8.021995571185134288e-01,-8.558943031987071848e-01,6.721595663815406185e-01,-7.154238522952010015e-01,5.769511464777237197e-01,-6.814809146729345901e-01,5.769511464777337117e-01,-7.154238522951990031e-01,6.721595663815380650e-01,-8.558943031987029659e-01,8.021995571185105423e-01
7.798874764749683663e-01,-8.558380370292544281e-01,6.168284241174796234e-01,-7.079391232602877393e-01,4.687592453368781831e-01,-6.655173869410972998e-01,4.687592453369160417e-01,-7.079391232602854078e-01,6.168284241174990523e-01,-8.558380370292500983e-01,7.798874764749702537e-01
7.765250063661539581e-01,-8.507673905246976309e-01,5.776308178899350887e-01,-7.076779295033011064e-01,4.751970340344225940e-01,-6.620529810603201781e-01,4.751970340344627286e-01,-7.076779295032987749e-01,5.776308178899521861e-01,-8.507673905246921908e-01,7.765250063661506275e-01
7.973379213410201061e-01,-8.491564762237501229e-01,6.164205651524747864e-01,-7.140993717768249205e-01,5.757443365673251545e-01,-6.689483675215780467e-01,5.757443365673378111e-01,-7.140993717768221449e-01,6.164205651524691243e-01,-8.491564762237449049e-01,7.973379213410105582e-01
8.011958184748382283e-01,-8.526039898183914723e-01,6.720866457884320244e-01,-7.180539114873264461e-01,6.043703700094440467e-01,-6.668597651909482504e-01,6.043703700094414932e-01,-7.180539114873226714e-01,6.720866457884179246e-01,-8.526039898183866983e-01,8.011958184748317890e-01
7.798307976115510520e-01,-8.520254596936007729e-01,6.593929362662105387e-01,-7.140974751818098820e-01,5.203738765669595479e-01,-6.576077422626240843e-01,5.203738765669779776e-01,-7.140974751818058852e-01,6.593929362662142024e-01,-8.520254596935952218e-01,7.798307976115508300e-01
7.736402719131099115e-01,-8.453814056830963874e-01,6.033926415681910571e-01,-7.087620563102706717e-01,4.707504729288095047e-01,-6.551864476954254446e-01,4.707504729288493617e-01,-7.087620563102681182e-01,6.033926415682082656e-01,-8.453814056830905033e-01,7.736402719131070249e-01
7.926044472611364355e-01,-8.420833853624918319e-01,5.972923055665001479e-01,-7.098920727510225070e-01,5.355592694107353946e-01,-6.599342929455360718e-01,5.355592694107627061e-01,-7.098920727510220630e-01,5.972923055665060321e-01,-8.420833853624867249e-01,7.926044472611272207e-01
7.948685300590989655e-01,-8.443902039444249885e-01,6.480891536738907499e-01,-7.164621770587913385e-01,5.959838614152552783e-01,-6.602583078495397606e-01,5.959838614152574987e-01,-7.164621770587904503e-01,6.480891536738814240e-01,-8.443902039444198815e-01,7.948685300590921932e-01
7.702101966735598326e-01,-8.425574730312723748e-01,6.720307722675659123e-01,-7.192002704216540199e-01,5.477304552934386672e-01,-6.576410779388430772e-01,5.477304552934463278e-01,-7.192002704216526876e-01,6.720307722675638029e-01,-8.425574730312663796e-01,7.702101966735587224e-01
7.632428101074102411e-01,-8.352215851904050137e-01,6.377073553458723065e-01,-7.154273840058610334e-01,4.846196714251411741e-01,-6.598958602054139089e-01,4.846196714251734816e-01,-7.154273840058613665e-01,6.377073553458847410e-01,-8.352215851903987964e-01,7.632428101074058002e-01
7.848288469916004928e-01,-8.326421219019659592e-01,6.117052022497385666e-01,-7.138873385799597848e-01,5.236904209521292541e-01,-6.643830175085706502e-01,5.236904209521624498e-01,-7.138873385799622273e-01,6.117052022497468933e-01,-8.326421219019604081e-01,7.848288469915902787e-01
7.870588312938756603e-01,-8.349598743774737653e-01,6.373605174146993457e-01,-7.199902669776093722e-01,5.915405641334918752e-01,-6.662492010437236489e-01,5.915405641335003128e-01,-7.199902669776122588e-01,6.373605174146952379e-01,-8.349598743774684362e-01,7.870588312938694431e-01
